InputGenerationTime,0.08770378100234666
ProfilingTime,3.3176594889991975
SimulationTime,139.9197515550004
FramaCCommandExecutionTime,37.0627280430017
FramaCParsingTime,0.02486473699900671
TotalExecutionTime,180.47444018500028
