Metrics,LR,FT,MT,CT,SVM-L,SVM-Q,SVM-C,SVM-FG,SVM-MG,SVM-CG,SVM-K,SLRK,BOT,BAT,NNN,MNN,WNN,BNN,TNN
RMSE,13.25316,0.8061667,0.8486886,1.581904,1.873235,1.950794,3.349313,7.650736,1.752897,6.059799,8.089796,3.099419,0.9161429,0.4617895,1.199961,2.456567,2.822012,1.266766,1.718724
MSE,175.6463,0.6499048,0.7202724,2.502421,3.50901,3.805596,11.2179,58.53376,3.072648,36.72116,65.4448,9.6064,0.8393178,0.2132495,1.439906,6.034722,7.96375,1.604697,2.954013
R2,-0.9589816,0.9927516,0.9919668,0.9720905,0.960864,0.9575562,0.8748869,0.3471735,0.9657308,0.5904492,0.2700947,0.8928599,0.9906391,0.9976216,0.9839407,0.9326948,0.9111804,0.9821028,0.9670539
MAE,10.22622,0.12,0.1668546,0.5243537,1.036145,1.053199,1.421766,4.030493,1.154087,3.072647,3.575215,1.7873,0.6174071,0.1256024,0.5395106,1.16137,1.616311,0.4076259,0.5090054
MAPE,82.66635,0.8988095,1.191259,4.260488,9.857204,10.69964,13.97258,26.62427,10.30098,19.31232,20.06853,15.17533,4.822899,1.067092,4.928263,11.23284,15.76958,3.239115,3.349547
RRMSE,92.27283,5.564824,6.100504,13.47728,18.45025,19.57436,33.01559,32.12742,15.30882,28.23483,27.20307,24.85669,6.525448,4.396767,10.83795,25.52303,29.0084,9.434396,11.45496
