Metrics,LR,FT,MT,CT,SVM-L,SVM-Q,SVM-C,SVM-FG,SVM-MG,SVM-CG,SVM-K,SLRK,BOT,BAT,NNN,MNN,WNN,BNN,TNN
MSPE,0.8514275,0.003096726,0.003721615,0.01816372,0.03404118,0.03831554,0.1090029,0.1032171,0.02343599,0.07972057,0.07400068,0.06178549,0.004258147,0.001933156,0.01174611,0.06514249,0.0841487,0.008900783,0.01312161
MPE,-53.96688,-0.3035714,-0.5975877,1.458333,2.954249,1.185678,-1.292937,7.239362,2.659266,0.1464004,1.920588,6.546532,-4.232631,0.2347679,0.5407339,2.28795,0.5778711,-0.6210888,-0.3544635
NRMSEAve,104.9458,6.383673,6.720385,12.52639,14.83331,15.44746,26.52171,60.58275,13.88041,47.98483,64.05947,24.54291,7.254525,3.656704,9.501951,19.45245,22.34625,10.03096,13.60981
NRMSEMaxMin,33.1329,2.015417,2.121722,3.954761,4.683088,4.876984,8.373283,19.12684,4.382243,15.1495,20.22449,7.748548,2.290357,1.154474,2.999902,6.141418,7.055029,3.166916,4.296811
NRMSESd,139.7969,8.503602,8.952131,16.68623,19.75924,20.57735,35.3292,80.70143,18.4899,63.91992,85.33273,32.69327,9.663652,4.871044,12.65742,25.91234,29.76712,13.3621,18.12944
NRMSEIQ,165.6645,10.07708,10.60861,19.7738,23.41544,24.38492,41.86641,95.6342,21.91121,75.74748,101.1224,38.74274,11.45179,5.772368,14.99951,30.70709,35.27515,15.83458,21.48405
