Metrics,LR,FT,MT,CT,SVM-L,SVM-Q,SVM-C,SVM-FG,SVM-MG,SVM-CG,SVM-K,SLRK,BOT,BAT,NNN,MNN,WNN,BNN,TNN
TestTime,0.012948,0.007831,0.007366,0.0072054,0.012417,0.0142,0.014521,0.014839,0.014804,0.01437,0.017402,0.017084,0.017854,0.017929,0.0098005,0.0093492,0.0096005,0.0091201,0.0085885
