InputGenerationTime,0.12502547800249886
ProfilingTime,4.193638273001852
SimulationTime,270.0300727899994
FramaCCommandExecutionTime,49.57751855600145
FramaCParsingTime,0.08465703999900143
TotalExecutionTime,324.0569116780025
