feature,avg
Column1,0.33059604555467614
ARRAY_INPUT,0.2712636717529819
