feature,avg
Column1,0.4981866101892978
Assignment,0.1959156408825011
CyclomaticComplexity,0.08400457010138757
ARRAY_INPUT,0.27271431725556217
