feature,avg
Column1,0.48997785024736507
DifficultyLevel,0.05058470519259224
DistinctOperands,0.06969704129369803
DecisionPoint,0.11507352488623353
If,0.10838483670656802
Goto,0.0647376870719981
FunctionCall,0.06093246741496037
PointerDereferencing,0.27445754845346987
CyclomaticComplexity,0.196661614978313
SyntacticallyReachableFunctions,0.0627770730470241
ARRAY_INPUT,0.38562399767576305
