feature,avg
Column1,0.6676566954254819
DifficultyLevel,0.061338805532076546
Total_Operands,0.07210456569378
Sloc,0.06356683271995014
Loop,0.092636216935174
Assignment,0.2744721816652299
CyclomaticComplexity,0.1349673906201645
ARRAY_INPUT,0.32728363751722367
M_VAL_8,0.052825403642534796
M_VAL_11,0.21198346848132613
M_VAL_25,0.06589230450378811
