feature,avg
Column1,0.35166607558643836
DistinctOperands,0.051878732146094855
PointerDereferencing,0.22840458155879775
ARRAY_INPUT,0.32132180920525927
