feature,avg
Column1,0.2980739004273835
Goto,0.08311803667679836
PointerDereferencing,0.3851199309461103
ARRAY_INPUT,0.3400433592951522
