feature,avg
Column1,0.3704523488831669
DecisionPoint,0.22464071943450828
If,0.1736158548704347
Goto,0.09992168062862902
PointerDereferencing,0.46549647189088345
CyclomaticComplexity,0.17282622449726778
ARRAY_INPUT,0.40808041713318843
cInstr,0.06995214083578706
SS_VAL_1,0.06270735374835786
