feature,avg
Column1,0.5195993313897589
Loop,0.10402577396489118
Assignment,0.24582768700697116
ARRAY_INPUT,0.38233937734395773
