feature,avg
Column1,0.6317975083417251
Total_Operands,0.47735817106645745
Sloc,0.0508164767002078
DecisionPoint,0.05834684078207445
Loop,0.12597375833522106
Assignment,0.29848378891844696
PointerDereferencing,0.06018920268703818
ARRAY_INPUT,0.45886166810999834
cInstr,0.0511937552423127
