feature,avg
Column1,0.3008965652403323
ARRAY_INPUT,0.3787449506484656
