feature,avg
Column1,0.21071598619289458
DifficultyLevel,0.07488701252341078
Loop,0.0586677247037943
Assignment,0.2071586477535981
ARRAY_INPUT,0.3233020692076106
