feature,avg
Column1,0.27197539050600816
DifficultyLevel,0.09139955692810905
Total_Operands,0.2627628994693314
Sloc,0.05779461308454133
Loop,0.08145356424072013
Assignment,0.27500112195339865
ARRAY_INPUT,0.38830763527439605
M_VAL_3,0.066581796639377
M_VAL_8,0.12153457108377819
M_VAL_9,0.07685712797567984
M_VAL_11,0.05712043753112237
