feature,avg
PointerDereferencing,0.11237419350195652
ARRAY_INPUT,0.1974126976088701
