feature,avg
Column1,0.3145517205398086
DifficultyLevel,0.07876936498002227
Goto,0.08356539832942085
PointerDereferencing,0.14197898807213422
ARRAY_INPUT,0.19747453800259723
SS_VAL_1,0.0654647929677021
