feature,avg
Column1,0.2822226355311163
DifficultyLevel,0.13604674276477888
Total_Operands,0.055068921922021986
DecisionPoint,0.16310204332133335
If,0.1071044673403152
Goto,0.12065900949565153
Function.1,0.053068926037066054
PointerDereferencing,0.3473532126160469
CyclomaticComplexity,0.20105548502101422
SemanticallyReachedFunctions,0.050173418655474034
ARRAY_INPUT,0.3610098196079689
SS_VAL_1,0.07994967042508579
M_VAL_1,0.0566613121394956
