feature,avg
Column1,0.31216324741586715
ARRAY_INPUT,0.3009222880652711
