feature,avg
Column1,0.4707584830662472
DifficultyLevel,0.10481414229385062
Loop,0.0812374881315957
Goto,0.07491885949499998
Assignment,0.1776816715473845
ARRAY_INPUT,0.3036372808624196
