feature,avg
Column1,0.2315035824759414
DifficultyLevel,0.11168430831237046
Goto,0.09862184527868521
PointerDereferencing,0.28917152471612523
ARRAY_INPUT,0.30081305331897
