feature,avg
PointerDereferencing,0.2709798990125823
ARRAY_INPUT,0.30034798800889306
