feature,avg
Column1,0.5688654165150553
DifficultyLevel,0.12719158208057155
Total_Operands,0.05811368527536649
Sloc,0.07565462850258095
Loop,0.11738916763624936
Goto,0.09006801972993153
Assignment,0.24068986928487074
CyclomaticComplexity,0.11681313289416986
ARRAY_INPUT,0.3654902836924066
M_VAL_9,0.23387121482748996
M_VAL_11,0.05818798774627086
