InputGenerationTime,0.06984450298477896
ProfilingTime,9.105145201989217
SimulationTime,279.3495929930068
FramaCCommandExecutionTime,44.1382112329884
FramaCParsingTime,0.0753726439725142
TotalExecutionTime,332.7553874690202
