InputGenerationTime,0.06384666496887803
ProfilingTime,8.974975491990335
SimulationTime,296.7579923989251
FramaCCommandExecutionTime,46.709869722952135
FramaCParsingTime,0.07718765293247998
TotalExecutionTime,352.6330397200072
