Metrics,LR,FT,MT,CT,SVM-L,SVM-Q,SVM-C,SVM-FG,SVM-MG,SVM-CG,SVM-K,SLRK,BOT,BAT,NNN,MNN,WNN,BNN,TNN
RMSE,513.3123983,0.7671667896,1.026674368,1.583231785,345.0723273,124.6390426,88.15425612,106.4913934,272.3844625,404.0123447,388.371353,37.122626,22.48303002,1.185846513,1.367019608,0.7086269153,0.2639214544,1.593425279,1.029754472
MSE,263489.6183,0.5885448831,1.054060258,2.506622886,119074.911,15534.89093,7771.172872,11340.41688,74193.29543,163225.9747,150832.3078,1378.089361,505.486639,1.406231952,1.868742609,0.5021521051,0.06965453407,2.539004119,1.060394273
R2,-0.7979799354,0.9999959839,0.9999928074,0.9999828955,0.1874658962,0.8939942212,0.9469716758,0.9226161466,0.4937255692,-0.1138086934,-0.02923775452,0.9905963012,0.9965506996,0.9999904043,0.9999872482,0.9999965735,0.9999995247,0.9999826745,0.9999927642
MAE,318.3833479,0.164939337,0.2132439218,0.4091987389,141.6520274,51.75110944,31.26612273,32.23764069,115.702012,159.0625158,153.7344431,16.66550427,15.53380348,0.3210990423,0.7042006065,0.3406432447,0.1260285644,0.7032084036,0.4594520533
MAPE,77.61981268,0.08052352663,0.1037269048,0.1967638849,14.73551774,13.29517244,9.255939474,3.539655,14.11602272,13.8043658,13.62257038,6.23348063,4.237643364,0.1545663354,0.3302338157,0.1540258003,0.05114105061,0.3251702274,0.200814413
RRMSE,83.01402326,0.3690843732,0.495592488,0.7648873441,28.32451857,33.55175157,31.40884554,11.07117182,26.63043335,31.64172141,30.47596474,12.94746893,4.257600612,0.5561694969,0.6563650788,0.3376496481,0.1172180607,0.7552221187,0.4773234162
