Metrics,LR,FT,MT,CT,SVM-L,SVM-Q,SVM-C,SVM-FG,SVM-MG,SVM-CG,SVM-K,SLRK,BOT,BAT,NNN,MNN,WNN,BNN,TNN
MSPE,0.68913281,1.3622327e-05,2.4561191e-05,5.8505265e-05,0.080227835,0.112572,0.098651558,0.012257085,0.070917998,0.10011985,0.092878443,0.016763695,0.0018127163,3.0932451e-05,4.3081512e-05,1.1400728e-05,1.3740074e-06,5.7036045e-05,2.2783764e-05
MPE,-64.152172,0.0013303734,0.0023992509,0.0056781106,-8.3791454,4.5226726,5.3486615,-1.5669161,-4.7947333,-11.604515,-11.87283,1.998429,-4.23533,0.0057038755,2.2445409e-05,0.0038367701,0.0005802629,0.0062416845,0.013144235
NRMSEAve,140.12366,0.20942065,0.28026085,0.4321895,94.197602,34.023878,24.064287,29.069946,74.355319,110.28701,106.01734,10.133708,6.1374017,0.32371155,0.37316805,0.19344048,0.072045093,0.43497211,0.28110165
NRMSEMaxMin,47.36678,0.070791629,0.094738135,0.14609542,31.84214,11.501281,8.1345849,9.8266756,25.134743,37.280931,35.837631,3.4255539,2.0746601,0.10942602,0.12614407,0.065389762,0.024353804,0.14703605,0.095022357
NRMSESd,134.04886,0.20034161,0.26811067,0.41345274,90.113842,32.548837,23.021025,27.809673,71.131785,105.50572,101.42116,9.6943805,5.8713263,0.30967764,0.35699005,0.18505423,0.068921714,0.41611472,0.26891502
NRMSEIQ,2335.8307,3.4909963,4.6718869,7.2045042,1570.2534,567.17059,401.14639,484.58962,1239.4869,1838.4602,1767.2858,168.9267,102.30914,5.3962005,6.2206296,3.2246104,1.2009759,7.2508898,4.6859029
