Metrics,LR,FT,MT,CT,SVM-L,SVM-Q,SVM-C,SVM-FG,SVM-MG,SVM-CG,SVM-K,SLRK,BOT,BAT,NNN,MNN,WNN,BNN,TNN
TrainTime,0.545457,0.143323,0.134032,0.136296,0.871392,1.46303,1.71068,1.02999,0.877376,0.759081,6.29716,5.38755,1.87567,1.68408,9.87533,12.0699,34.4375,12.2724,14.0217
