Metrics,LR,FT,MT,CT,SVM-L,SVM-Q,SVM-C,SVM-FG,SVM-MG,SVM-CG,SVM-K,SLRK,BOT,BAT,NNN,MNN,WNN,BNN,TNN
RMSE,19525.10167849,2552.27673878,5250.937968456,9804.411438845,20377.43613377,9569.430072441,671.6005163843,23351.1597266,20567.08053745,21798.86235275,23924.49697114,9454.6951002,2880.935388932,4884.056160392,669.6168899886,144.3741605608,96.59583925374,693.8726988176,653.4899433798
MSE,381229595.5555,6514116.551315,27572349.54857,96126483.66216,415239903.3859,91573991.91135,451047.2536076,545276660.5771,423004801.834,475190399.8742,572381555.3222,89391259.43775,8299788.7152,23854004.57786,448386.779358,20843.89823762,9330.756161134,481459.3221644,427049.1060986
R2,0.2898168027144,0.9878650131736,0.948636151056,0.8209283478856,0.2264598403032,0.8294090723228,0.999159755212,-0.01578242279345,0.2119948027752,0.1147795411571,-0.06627546172991,0.8334752307349,0.9845385286051,0.9555629640598,0.9991647113438,0.9999611704168,0.9999826179648,0.9991031013207,0.9992044607683
MAE,9404.943691396,537.4302815969,1318.889116906,2258.65901815,4736.764202604,1738.609631019,157.267887831,5594.338587181,4399.426141725,5074.753908156,6376.041636537,3731.496132723,804.4776514743,919.7616084663,217.8672284568,81.93115024194,38.19480750976,278.1145425506,329.2748467239
MAPE,2205.303742607,31.89757743379,38.500211211,47.83948789454,144.1697300137,85.27920647933,69.39848516387,91.37618706709,81.30198885844,100.0571077163,408.3337143278,1018.713504276,211.7431171947,33.87481290009,85.29795919472,57.60753865412,23.44448291697,36.85645121217,47.59454947499
RRMSE,6534.791991248,135.3601816839,136.5224925738,93.19748517788,533.2161979337,198.3532431853,173.824602642,200.1029624572,183.6164550344,234.6014800041,980.2822622275,3579.832698953,530.4368816186,98.46763571205,271.4607934371,167.3973001458,62.03928371413,55.86017404835,71.24871440986
