Metrics,LR,FT,MT,CT,SVM-L,SVM-Q,SVM-C,SVM-FG,SVM-MG,SVM-CG,SVM-K,SLRK,BOT,BAT,NNN,MNN,WNN,BNN,TNN
RMSE,1289.1204067,166.88894221,422.63190259,666.52582562,705.86450427,231.95237671,140.34048161,1337.6784686,645.117209,822.34376891,1877.8913243,720.4323166,232.09344045,297.61562068,93.016109524,80.033003472,76.362457577,98.317929016,86.052970978
MSE,1661831.423,27851.919033,178617.72508,444256.67622,498244.69838,53801.90506,19695.450778,1789383.6853,416176.21335,676249.27427,3526475.8261,519022.7228,53867.3651,88575.057672,8651.9966311,6405.2816447,5831.2249273,9666.4151659,7405.1138142
R2,0.46665188839,0.9910612062,0.94267443433,0.85742027979,0.84009336608,0.9827328187,0.9936789428,0.42571527034,0.86643242244,0.78296458449,-0.13178701305,0.83342486774,0.98271180996,0.97157272447,0.99722322854,0.99794428916,0.9981285269,0.9968976611,0.99762340306
MAE,813.55964782,60.185475577,174.05027816,304.56557006,292.13566338,107.03436167,79.053919458,477.65716022,241.15467506,357.35902575,976.51235505,427.60966702,133.31626819,115.84169023,42.018436767,21.371451283,11.972414445,46.337608205,35.779393417
MAPE,375.16130064,15.845562147,23.469595622,36.713053818,92.635622225,47.040595335,41.928997087,62.217462085,56.793611748,68.588407843,364.037732,182.0789158,51.707435667,14.70915225,19.580805423,10.98499359,7.2092867756,16.609776732,16.619550813
RRMSE,1156.2047226,129.94449587,131.57235185,138.70687001,506.60210563,114.87354934,100.47315159,123.78997199,136.75073709,151.37543687,860.16786511,516.86196474,142.73800945,56.859287206,52.494932505,29.51570838,25.471759107,37.521352385,43.078202986
