Metrics,LR,FT,MT,CT,SVM-L,SVM-Q,SVM-C,SVM-FG,SVM-MG,SVM-CG,SVM-K,SLRK,BOT,BAT,NNN,MNN,WNN,BNN,TNN
MSPE,133.6809,1.688557,1.731128,1.92396,25.66457,1.319593,1.009485,1.532396,1.870076,2.291452,73.98888,26.71463,2.037414,0.3232979,0.2755718,0.0871177,0.06488105,0.1407852,0.1855732
MPE,334.4395,8.870759,11.83189,19.87997,-9.074694,3.628974,4.422667,12.89641,2.825315,43.2549,306.5986,167.6358,38.08613,8.999212,-1.186827,-2.421684,-2.088724,4.468203,5.830292
NRMSEAve,109.1357,14.12866,35.77963,56.42746,59.75784,19.63687,11.8811,113.2466,54.61503,69.61887,158.9806,60.99114,19.64882,25.19586,7.874658,6.77552,6.464775,8.323505,7.285165
NRMSEMaxMin,12.9991,1.682857,4.261691,6.721043,7.117722,2.338937,1.415151,13.48874,6.505165,8.292263,18.93608,7.26462,2.340359,3.001065,0.937946,0.8070284,0.7700157,0.991408,0.8677319
NRMSESd,72.9958,9.450003,23.93132,37.74169,39.96923,13.13419,7.94671,75.74538,36.52944,46.56481,106.3347,40.79412,13.14218,16.85234,5.266991,4.531829,4.323986,5.567204,4.872707
NRMSEIQ,112.1218,14.51524,36.75859,57.97137,61.39287,20.17416,12.20617,116.3452,56.10935,71.5237,163.3304,62.65991,20.18643,25.88525,8.090116,6.960905,6.641658,8.551244,7.484494
