Metrics,LR,FT,MT,CT,SVM-L,SVM-Q,SVM-C,SVM-FG,SVM-MG,SVM-CG,SVM-K,SLRK,BOT,BAT,NNN,MNN,WNN,BNN,TNN
MSPE,4270.3506,1.8322379,1.8638391,0.86857712,28.431951,3.9344009,3.0214992,4.0041196,3.3715003,5.5037854,96.095331,1281.5202,28.136329,0.96958753,7.3690962,2.8021856,0.38488727,0.3120359,0.50763793
MPE,2188.9478,18.930102,22.587124,28.31107,19.56145,23.197188,23.697,22.835914,-4.3854279,57.546234,343.24434,907.59487,192.18186,26.531628,9.8076319,-10.106354,-3.9023105,-4.0231733,-15.704187
NRMSEAve,295.10109,38.574941,79.362328,148.18322,307.98322,144.63173,10.150526,352.92788,310.84949,329.46656,361.59326,142.89763,43.542266,73.817301,10.120545,2.1820615,1.4599431,10.487146,9.8768036
NRMSEMaxMin,9.1822769,1.2002863,2.4694143,4.6108247,9.5831132,4.5003175,0.3158407,10.981598,9.6722993,10.251582,11.251227,4.4463598,1.3548481,2.2968769,0.31490784,0.067896369,0.045427151,0.32631488,0.30732365
NRMSESd,84.236036,11.011142,22.653823,42.298615,87.913214,41.284848,2.8974479,100.74258,88.731386,94.045592,103.2161,40.789853,12.429056,21.071006,2.8888901,0.62286523,0.41673794,2.9935355,2.8193145
NRMSEIQ,1036.6393,135.50713,278.78619,520.54215,1081.892,508.06637,35.657049,1239.7749,1091.9607,1157.3593,1270.2149,501.97479,152.95648,259.30747,35.551733,7.6652063,5.1285288,36.839538,34.695511
