Metrics,LR,FT,MT,CT,SVM-L,SVM-Q,SVM-C,SVM-FG,SVM-MG,SVM-CG,SVM-K,SLRK,BOT,BAT,NNN,MNN,WNN,BNN,TNN
TrainTime,0.568249,0.23022,0.162042,0.144739,0.781302,1.20789,1.20845,0.692155,0.73237,0.642867,1.34763,2.19404,2.49347,2.72536,5.5335,8.26996,19.9671,7.28792,8.86107
