Metrics,LR,FT,MT,CT,SVM-L,SVM-Q,SVM-C,SVM-FG,SVM-MG,SVM-CG,SVM-K,SLRK,BOT,BAT,NNN,MNN,WNN,BNN,TNN
TrainTime,0.566888,0.211719,0.158275,0.142603,0.60645,0.905783,1.07043,0.664664,0.584048,0.539979,1.44393,2.61234,1.97543,2.04429,5.82632,8.34688,20.0374,7.81791,9.35069
