InputGenerationTime,0.08082312101032585
ProfilingTime,5.869994590058923
SimulationTime,186.92175667593256
FramaCCommandExecutionTime,45.79535783699248
FramaCParsingTime,0.05880202597472817
TotalExecutionTime,238.74474943301175
