InputGenerationTime,0.01879086100962013
ProfilingTime,3.545153532992117
SimulationTime,128.2229771920247
FramaCCommandExecutionTime,39.079167539021
FramaCParsingTime,0.0300196569878608
TotalExecutionTime,170.9086648429511
