InputGenerationTime,0.07029692194191739
ProfilingTime,3.8315310099860653
SimulationTime,122.51432374701835
FramaCCommandExecutionTime,44.37481894501252
FramaCParsingTime,0.056064924981910735
TotalExecutionTime,170.8955193689908
