InputGenerationTime,0.07734892000007676
ProfilingTime,3.568617834000179
SimulationTime,248.91792839199843
FramaCCommandExecutionTime,41.310127756998554
FramaCParsingTime,0.05108620200189762
TotalExecutionTime,294.0025195089984
