Metrics,LR,FT,MT,CT,SVM-L,SVM-Q,SVM-C,SVM-FG,SVM-MG,SVM-CG,SVM-K,SLRK,BOT,BAT,NNN,MNN,WNN,BNN,TNN
RMSE,1.922265992480652,0.001372594008418264,0.001372594008418264,0.001372594008418264,0.05898980346523189,0.06553834879653855,0.06206946760970032,0.07211897688869102,0.2167428183426374,1.213729031797425,0.2374239008019259,0.2065681632882682,0.08148735996957351,0.02884784269631009,0.002050541578141999,0.002271784912666773,0.001380585594877419,0.003627972290339879,0.01012360795356816
MSE,3.695106545847627,1.884014311945717e-06,1.884014311945717e-06,1.884014311945717e-06,0.003479796912866684,0.004295275162976746,0.003852618809351637,0.00520114682747155,0.04697744930310953,1.473138162627915,0.05637010867200277,0.04267040608428861,0.006640189834810852,0.0008321980282310515,4.204720763689079e-06,5.161006689420377e-06,1.906016584783038e-06,1.316218293947398e-05,0.0001024874379975485
R2,-0.3422940415153843,0.9999993156080471,0.9999993156080471,0.9999993156080471,0.9987359198973373,0.9984396871412513,0.9986004876428166,0.9981106178376894,0.9829348492383756,0.4648639887673994,0.9795228472978587,0.984499436991784,0.9975878673214947,0.9996976935737047,0.9999984725821686,0.9999981251992489,0.9999993076154441,0.9999952186710954,0.9999627701459627
MAE,0.9705110666833818,0.0004195932978108337,0.0004195932978108337,0.0004195932978108337,0.05234247998648317,0.05436339205008434,0.05147950580522295,0.06759467226184723,0.09265165995443343,0.601960965101092,0.08977527506482313,0.1144108963694638,0.04115003298154454,0.006254720177725794,0.001062950139929335,0.0014671911818023,0.0009079210100885442,0.001738335791724673,0.005947124523182917
MAPE,3968405916756.042,0.4852057066186815,0.4852057066186815,0.4852057066186815,3396186747907116,3970218769422301,3929090278523474,5663568200472573,3995160885831508,5943370480538335,4017681232504590,4691395603233909,4.238865990498209,263733483894533.1,9568367345092,99265658535752.27,58152940664058.77,32759082528980.43,299680558815122.9
RRMSE,128511300026597.4,1.588832492755789,1.588832492755789,1.588832492755789,5563937676250971,6526243448340367,6374449641851873,8216270229186952,6796253303038141,1.035054317388817e+16,6483689802696648,8737938133629561,4.238895424827631,2434905197030121,23372944012548.48,210427447942334.4,126232094703004.8,211856050948499.8,758685086420729.2
