Metrics,LR,FT,MT,CT,SVM-L,SVM-Q,SVM-C,SVM-FG,SVM-MG,SVM-CG,SVM-K,SLRK,BOT,BAT,NNN,MNN,WNN,BNN,TNN
MSPE,1.651515423452613e+24,0.0002524388690036573,0.0002524388690036573,0.0002524388690036573,3.095740246520506e+27,4.259185354700557e+27,4.063360823650548e+27,6.750709647902379e+27,4.618905895905683e+27,1.07133743994523e+28,4.20382334575925e+27,7.635156282713766e+27,0.001796823442262463,5.928763318524292e+26,5.462945118137262e+22,4.427971084752387e+24,1.593454173310837e+24,4.488298632349332e+24,5.756030603572294e+25
MPE,3968405916566.63,0.02512539694091235,0.02512539694091235,0.02512539694091235,2739867014216436,78850959961400.92,-133388552069881.6,5661937461874057,1385131575944165,1749636243407211,700690172238250,1575475390847476,-4.238865990498209,263733483894532.9,-1824279018737.464,1993920694991.42,626471990362.085,3638902921889.809,139134957047315.4
NRMSEAve,198.0243417322613,0.1413992787917505,0.1413992787917505,0.1413992787917505,6.07689937074907,6.751504957909467,6.394154353852531,7.429415585903078,22.32799940038884,125.0336288022528,24.45848381634952,21.27984613888615,8.394509854825428,2.971792188322826,0.2112387920270033,0.2340304170431545,0.1422225408450569,0.3737395487553317,1.04289458836743
NRMSEMaxMin,41.15320044727434,0.02938544227600339,0.02938544227600339,0.02938544227600339,1.262894529605242,1.403090319215788,1.328826110532832,1.543972958769659,4.640180226697479,25.98435093250415,5.082935149919832,4.422354171108793,1.744537786063346,0.6175945772315573,0.04389941294328823,0.04863594333447083,0.02955653168856744,0.07767014110718434,0.2167332039335365
NRMSESd,115.8229276510857,0.08270336007254855,0.08270336007254855,0.08270336007254855,3.554332108892097,3.948903773320802,3.739892129612279,4.34540853093371,13.05947661041211,73.13121617288894,14.30558070152031,12.44641975935885,4.909884810506465,1.738178592647736,0.1235519588754698,0.1368826065736478,0.0831848797706012,0.2185974125058079,0.6099810932309786
NRMSEIQ,191.266479392279,0.1365738272705461,0.1365738272705461,0.1365738272705461,5.869516535678361,6.521100247588812,6.175944741206239,7.17587621111281,21.56602466054073,120.7666783661468,23.62380326531378,20.55364112002524,8.108035265316451,2.870375552690862,0.2040299677739086,0.2260437961665928,0.13736899433524,0.3609851550307942,1.007304327081126
