Metrics,LR,FT,MT,CT,SVM-L,SVM-Q,SVM-C,SVM-FG,SVM-MG,SVM-CG,SVM-K,SLRK,BOT,BAT,NNN,MNN,WNN,BNN,TNN
TrainTime,0.425006,0.117172,0.115599,0.119355,1.32962,1.38903,1.19115,0.953835,0.637804,0.755553,15.9809,5.12913,1.67949,1.52084,9.61841,12.1044,37.2065,11.598,13.4663
