Metrics,LR,FT,MT,CT,SVM-L,SVM-Q,SVM-C,SVM-FG,SVM-MG,SVM-CG,SVM-K,SLRK,BOT,BAT,NNN,MNN,WNN,BNN,TNN
RMSE,1287.1585171,155.70980171,353.50888507,658.25926113,814.44812508,229.97794264,100.87729945,1638.228746,755.2666794,943.30914075,2093.7310854,786.61815644,236.34081187,287.59345495,92.385256068,62.524426606,51.558093065,68.579782975,86.680833487
MSE,1656777.0482,24245.542347,124968.53183,433305.25487,663325.74844,52889.854099,10176.229545,2683793.4243,570427.75701,889832.13502,4383709.858,618768.12404,55856.979354,82709.995328,8535.0355387,3909.3039224,2658.2369605,4703.1866329,7513.566894
R2,0.56455636076,0.9936276476,0.96715505424,0.88611622953,0.8256609251,0.98609918542,0.99732542503,0.29463003067,0.85007690763,0.76612921841,-0.1521517491,0.83737181531,0.98531934855,0.97826168499,0.99775677304,0.99897253434,0.99930134693,0.99876388153,0.99802524129
MAE,779.45872579,58.561539033,151.01886985,300.92912274,314.24497405,85.232746478,63.447588521,594.23734583,254.43215689,372.35056673,1004.4145575,468.63224216,132.63760265,100.26166005,50.066098587,24.798919076,10.295632968,33.647864858,47.058259233
MAPE,465.62474931,13.309914144,22.284902366,47.61835262,77.763268307,51.624553987,41.670477362,62.581754085,59.866440611,68.26485573,321.76240897,259.28204501,63.370168567,15.045480782,19.141787512,16.768622282,6.9103036486,16.957253079,21.156812558
RRMSE,1401.6039096,62.322276968,68.586470545,136.35152171,193.40508871,120.63486217,92.864085092,123.66054546,127.20758906,135.78310565,744.24459425,747.91077715,170.1730832,45.34620553,38.864266978,48.832500169,21.180132544,34.481424532,43.595395095
