Metrics,LR,FT,MT,CT,SVM-L,SVM-Q,SVM-C,SVM-FG,SVM-MG,SVM-CG,SVM-K,SLRK,BOT,BAT,NNN,MNN,WNN,BNN,TNN
RMSE,11918.67566935,1005.620935966,2445.21018113,5164.413515797,11641.95888267,5689.775844722,625.0730528462,13442.25462184,10646.30909597,12478.07483358,14093.13988358,5377.885481593,1225.537781547,1983.841953269,445.1550165038,106.1505116379,69.19586555125,191.3059787966,564.3835240562
MSE,142054829.7111,1011273.466853,5979052.829901,26671166.96215,135535206.6259,32373549.16318,390716.3213944,180694209.3185,113343897.3669,155702351.5524,198616591.7783,28921652.25312,1501942.853999,3935628.89555,198162.9887185,11267.93112099,4788.067809387,36597.97752331,318528.7622261
R2,0.2290233277253,0.9945114977518,0.967549781563,0.8552471071066,0.2644073926033,0.824298468033,0.9978794584465,0.0193151441385,0.3848466751024,0.1549538927377,-0.07795531696581,0.8430330087605,0.9918484791691,0.9786400921717,0.9989245065309,0.9999388453595,0.9999740136355,0.9998013711538,0.9982712432543
MAE,5279.472052961,269.4034263704,663.9256670943,1397.418272519,2871.889588329,1238.919549855,154.2964836687,3397.668112676,2380.477887235,3027.724005425,4121.610178692,2218.984381601,484.9596208156,452.5212374995,218.9372970832,62.70744123063,31.08167710118,114.3055454085,287.390131835
MAPE,1635.485743259,26.06546330803,30.65327661867,55.10111487122,176.3470952971,97.4487048052,70.07821522244,102.7208922407,94.86785362611,114.9383463994,391.0399058315,959.6186457198,173.3321246165,39.63679578503,78.58700162979,41.92236346315,34.19758569095,39.68148082806,141.8933692635
RRMSE,5516.281697034,67.08916625555,69.0797632571,130.6041257105,746.468988117,221.8440576069,180.8666854064,218.0901848113,216.9535893944,281.0415125025,917.645085499,3264.62555162,433.565401506,172.0626366617,189.9207269381,117.0768922665,103.9570595868,87.7112894961,384.6828715544
