Metrics,LR,FT,MT,CT,SVM-L,SVM-Q,SVM-C,SVM-FG,SVM-MG,SVM-CG,SVM-K,SLRK,BOT,BAT,NNN,MNN,WNN,BNN,TNN
MSPE,196.4494,0.3884066,0.4704104,1.859174,3.740553,1.455277,0.8623738,1.529193,1.618177,1.843705,55.39,55.93705,2.895888,0.2056278,0.1510431,0.2384613,0.0448598,0.1188969,0.1900558
MPE,431.8533,6.235989,10.71034,29.98651,17.3606,-12.25919,7.641656,18.55894,13.25599,44.70853,260.3284,241.038,46.09624,9.9707,4.853919,-1.938747,-1.355213,-2.012454,6.154501
NRMSEAve,110.8395,13.40845,30.44128,56.68388,70.13358,19.80381,8.686724,141.0708,65.03736,81.23003,180.2949,67.73709,20.35173,24.76518,7.955459,5.38409,4.439759,5.905527,7.464241
NRMSEMaxMin,13.0016,1.572826,3.570797,6.649083,8.226749,2.32301,1.018963,16.54777,7.628956,9.528375,21.1488,7.945638,2.387281,2.904984,0.9331844,0.6315599,0.5207888,0.6927251,0.875564
NRMSESd,65.96002,7.979298,18.11545,33.73228,41.73613,11.78514,5.169424,83.9505,38.7034,48.33957,107.2926,40.30999,12.11121,14.73763,4.734252,3.204044,2.642078,3.514349,4.441931
NRMSEIQ,133.8003,16.18605,36.74729,68.42612,84.66197,23.90623,10.48621,170.294,78.51005,98.05708,217.6436,81.76904,24.56765,29.89537,9.603457,6.499421,5.359469,7.128876,9.010482
