Metrics,LR,FT,MT,CT,SVM-L,SVM-Q,SVM-C,SVM-FG,SVM-MG,SVM-CG,SVM-K,SLRK,BOT,BAT,NNN,MNN,WNN,BNN,TNN
MSPE,3042.9364,0.45009562,0.47720137,1.7057438,55.721595,4.9214786,3.2712758,4.7563329,4.706886,7.8984332,84.20725,1065.778,18.797896,2.9605551,3.6069883,1.3706999,1.080707,0.76932703,14.798091
MPE,1619.1224,14.101893,16.007033,36.03362,56.994397,1.0964036,-0.10244783,42.042319,-2.236976,66.700332,325.18443,846.21151,154.34124,33.025601,-30.320136,-5.8165056,-1.3514818,-5.429097,115.78217
NRMSEAve,276.81582,23.355932,56.790945,119.94549,270.38896,132.14723,14.517562,312.20152,247.26462,289.80808,327.31858,124.90346,28.463586,46.075491,10.338896,2.4653864,1.6071005,4.4431548,13.108024
NRMSEMaxMin,10.10297,0.8524234,2.0727038,4.3776604,9.8684085,4.8229884,0.52984865,11.394445,9.0244372,10.57715,11.946174,4.5586118,1.0388378,1.681621,0.37733955,0.089979412,0.058654482,0.16216219,0.47840464
NRMSESd,87.770998,7.4055504,18.006912,38.031552,85.733213,41.900402,4.6031361,98.990873,78.401091,91.890502,103.78409,39.603593,9.0250526,14.609324,3.2781914,0.78170903,0.50956922,1.4088073,4.1562089
NRMSEIQ,631.11865,53.249719,129.47896,273.46643,616.46592,301.28546,33.098917,711.79532,563.74419,660.74,746.26105,284.77021,64.894773,105.04855,23.571883,5.6208902,3.6640649,10.130049,29.885281
