Metrics,LR,FT,MT,CT,SVM-L,SVM-Q,SVM-C,SVM-FG,SVM-MG,SVM-CG,SVM-K,SLRK,BOT,BAT,NNN,MNN,WNN,BNN,TNN
TrainTime,0.617033,0.182626,0.188784,0.155038,0.669519,0.958592,1.22166,0.686293,0.618216,0.520485,1.68796,2.856,1.98261,2.15043,7.99963,10.2907,21.6676,10.0042,11.4604
