Metrics,LR,FT,MT,CT,SVM-L,SVM-Q,SVM-C,SVM-FG,SVM-MG,SVM-CG,SVM-K,SLRK,BOT,BAT,NNN,MNN,WNN,BNN,TNN
TrainTime,0.553933,0.189128,0.164759,0.147446,0.864617,1.28075,1.19359,0.687655,0.636224,0.517705,1.50999,2.5024,1.85967,2.17952,6.02017,8.87782,20.8924,7.86161,9.48748
