InputGenerationTime,0.03539283099962631
ProfilingTime,3.5764011800019944
SimulationTime,177.07450326400067
FramaCCommandExecutionTime,37.893872853001085
FramaCParsingTime,0.08515063399681821
TotalExecutionTime,218.7286079919977
