Metrics,LR,FT,MT,CT,SVM-L,SVM-Q,SVM-C,SVM-FG,SVM-MG,SVM-CG,SVM-K,SLRK,BOT,BAT,NNN,MNN,WNN,BNN,TNN
RMSE,12.65513,0.8190492,1.274553,1.509673,1.952476,1.763301,2.005558,6.34402,2.05507,5.672441,6.673741,2.946259,1.019784,0.86821,2.247661,2.349514,2.827943,1.918912,1.863692
MSE,160.1522,0.6708416,1.624486,2.279112,3.812162,3.109232,4.022263,40.24659,4.223313,32.17658,44.53882,8.680442,1.03996,0.7537886,5.051978,5.520217,7.997261,3.682223,3.473349
R2,-1.060215,0.9913702,0.9791024,0.9706813,0.9509599,0.9600025,0.9482572,0.4822636,0.9456709,0.5860771,0.4270479,0.8883339,0.9866218,0.9903032,0.9350108,0.9289874,0.8971224,0.9526315,0.9553185
MAE,10.00162,0.1201361,0.3022955,0.4701607,0.9698812,0.8941351,1.011647,3.537186,1.281297,2.89091,2.943867,1.762729,0.672697,0.2345259,0.988153,1.154614,1.732993,0.5373649,0.5944921
MAPE,82.99966,1.036565,2.585623,3.901895,9.071281,8.658798,9.59676,25.86668,11.32314,17.99376,17.20818,14.99874,5.562707,2.02969,9.508821,10.92506,17.008,4.608253,4.529776
RRMSE,92.29444,7.959121,11.6241,13.45444,17.75489,16.47037,18.27725,30.97597,18.29589,24.47805,24.57944,25.29857,8.499492,7.981741,23.38836,22.38945,29.50982,20.55308,14.75964
