Metrics,LR,FT,MT,CT,SVM-L,SVM-Q,SVM-C,SVM-FG,SVM-MG,SVM-CG,SVM-K,SLRK,BOT,BAT,NNN,MNN,WNN,BNN,TNN
TestTime,0.011214,0.0066084,0.006206,0.0059949,0.01055,0.01355,0.012998,0.013473,0.013192,0.012939,0.017296,0.0161,0.017576,0.017034,0.0074962,0.0069571,0.0070404,0.0071208,0.0078941
