Metrics,LR,FT,MT,CT,SVM-L,SVM-Q,SVM-C,SVM-FG,SVM-MG,SVM-CG,SVM-K,SLRK,BOT,BAT,NNN,MNN,WNN,BNN,TNN
TestTime,0.012464,0.0086793,0.0079669,0.0074715,0.013524,0.014724,0.014747,0.015797,0.01452,0.015743,0.019014,0.017586,0.018939,0.01953,0.010239,0.0091318,0.0095353,0.0095095,0.0092783
