Metrics,LR,FT,MT,CT,SVM-L,SVM-Q,SVM-C,SVM-FG,SVM-MG,SVM-CG,SVM-K,SLRK,BOT,BAT,NNN,MNN,WNN,BNN,TNN
RMSE,472.2933209,1.970044685,1.9647459,1.949657696,315.7533303,133.673977,103.0061664,118.5082299,255.9325578,365.8395547,352.9803995,34.78367472,20.70297841,6.874063434,4.064468869,9.105825605,8.780396964,6.83425221,3.844255042
MSE,223060.981,3.88107606,3.86022645,3.801165131,99700.16557,17868.73212,10610.27032,14044.20055,65501.47412,133838.5798,124595.1624,1209.904027,428.613315,47.25274809,16.51990719,82.91605996,77.09537084,46.70700327,14.77829683
R2,-0.7990750256,0.9999686976,0.9999688657,0.9999693421,0.1958787361,0.8558816088,0.9144239738,0.8867279685,0.4717047073,-0.07946107508,-0.004909258776,0.9902416455,0.9965430641,0.9996188879,0.9998667604,0.9993312492,0.9993781953,0.9996232895,0.9998808072
MAE,295.2495768,0.3233660168,0.3441635763,0.4744076819,119.6397544,66.65281424,49.67920796,37.77188136,102.6014471,130.6642647,127.3304506,21.05053296,14.24736253,0.8910323857,1.938753311,3.071149426,3.839939865,1.570065494,1.021420758
MAPE,80.46881536,0.1568188208,0.167373718,0.2282428001,13.34125052,20.0724076,17.70287569,6.772203259,14.07929631,11.45821543,11.63164993,8.620061747,4.215183593,0.3858231796,0.9375921407,1.49839275,1.870152916,0.7559362426,0.471317918
RRMSE,86.26630743,0.9437835542,0.9410961897,0.9267951148,26.27385882,38.15102523,39.44543137,19.05213442,26.27703348,28.65533939,27.72941021,15.02346499,4.272523778,3.034244879,1.989387435,4.513027745,4.315490498,3.386568981,1.851424893
