Metrics,LR,FT,MT,CT,SVM-L,SVM-Q,SVM-C,SVM-FG,SVM-MG,SVM-CG,SVM-K,SLRK,BOT,BAT,NNN,MNN,WNN,BNN,TNN
MSPE,0.74418758,8.907274e-05,8.8566204e-05,8.5894918e-05,0.069031566,0.14555007,0.15559421,0.036298383,0.069048249,0.082112848,0.076892019,0.02257045,0.0018254459,0.0009206642,0.00039576624,0.0020367419,0.0018623458,0.0011468849,0.00034277741
MPE,-66.296947,0.012559876,0.026563543,0.017318908,-6.5724397,5.2058373,6.1866195,1.1275821,-3.194784,-9.3083757,-9.4605736,3.3044803,-4.2058405,0.27163646,0.24338679,0.40610416,0.85889104,0.27296342,0.096226588
NRMSEAve,140.16014,0.58464037,0.58306787,0.57859022,93.704546,39.669762,30.568628,35.169098,75.951833,108.56839,104.75224,10.322578,6.14392,2.0399816,1.2061922,2.7022906,2.6057148,2.0281671,1.1408405
NRMSEMaxMin,43.581675,0.18178925,0.18130029,0.179908,29.136679,12.334995,9.5050703,10.93555,23.616615,33.758471,32.571871,3.2097231,1.9104028,0.63431597,0.37505582,0.84025565,0.81022616,0.63064232,0.35473521
NRMSESd,133.96983,0.55881915,0.5573161,0.55303621,89.565992,37.917707,29.218534,33.61582,72.597345,103.77336,100.12575,9.8666713,5.8725677,1.9498838,1.1529195,2.5829413,2.4906308,1.938591,1.0904541
NRMSEIQ,2393.5489,9.9840461,9.9571922,9.8807263,1600.2154,677.45019,522.02791,600.59126,1297.048,1854.0488,1788.8795,176.28118,104.92122,34.837264,20.598439,46.147675,44.498426,34.635503,19.482411
