Metrics,LR,FT,MT,CT,SVM-L,SVM-Q,SVM-C,SVM-FG,SVM-MG,SVM-CG,SVM-K,SLRK,BOT,BAT,NNN,MNN,WNN,BNN,TNN
TestTime,0.011603,0.0086667,0.0075988,0.0071036,0.012779,0.016259,0.016345,0.016844,0.015995,0.015994,0.019862,0.018725,0.018315,0.017639,0.0082578,0.0080177,0.0076008,0.0079175,0.0077918
