InputGenerationTime,0.11722305500006769
ProfilingTime,3.7644934640011343
SimulationTime,128.96700804899956
FramaCCommandExecutionTime,35.99184759700074
FramaCParsingTime,0.025730470999405952
TotalExecutionTime,168.90604075500232
