Metrics,LR,FT,MT,CT,SVM-L,SVM-Q,SVM-C,SVM-FG,SVM-MG,SVM-CG,SVM-K,SLRK,BOT,BAT,NNN,MNN,WNN,BNN,TNN
RMSE,9673.81511655,220.628185835,316.360931058,404.981149182,3475.29550866,354.824858176,311.902357473,8476.83688344,2971.17415392,8417.58365944,9843.72640213,1916.55076461,550.682946007,230.269686875,152.086162102,102.534582261,31.9593796008,160.897124207,185.496652383
MSE,93582698.9092,48676.7963849,100084.2387,164009.731193,12077678.8725,125900.67998,97283.0805975,71856763.5484,8827875.85289,70855714.6637,96898949.48,3673166.83332,303251.707023,53024.1286935,23130.2007029,10513.3405595,1021.40194447,25887.8845782,34409.0080454
R2,-0.0475870458871,0.999455100335,0.998879633167,0.998164035962,0.864799582843,0.998590637768,0.998910989999,0.195618254976,0.901178652743,0.206824234886,-0.0847099455186,0.958881694621,0.996605328083,0.99940643526,0.999741075018,0.999882311159,0.999988566183,0.999710204847,0.999614817359
MAE,4283.75883279,45.1633439625,80.0245976878,131.252064104,1015.43899142,193.772969333,179.131528798,2311.93997236,918.278439134,2492.32598022,3797.49507994,1011.33016256,274.869314868,57.9581780538,52.9944533407,34.3175654212,14.0050455717,60.4015439857,75.658392081
MAPE,80.8689074189,1.59951555152,2.89952940896,4.39277132363,16.4187383162,6.75014972279,6.40508074312,15.1890527676,12.8876063148,21.3526663178,40.6057113084,27.839304239,6.04443452677,2.11120298849,1.74624431122,1.17977962234,0.453418585511,2.26764739592,2.71167061352
RRMSE,127.784389987,7.93622910827,11.3552902602,12.4446099694,38.0812168314,11.0696002877,11.1800566096,25.7567176191,26.6555208701,33.9140194233,54.5537969447,44.6882526714,10.1107735765,8.57706863111,5.57085342255,4.43704024777,1.57194077912,6.04707115449,7.54445348701
