Metrics,LR,FT,MT,CT,SVM-L,SVM-Q,SVM-C,SVM-FG,SVM-MG,SVM-CG,SVM-K,SLRK,BOT,BAT,NNN,MNN,WNN,BNN,TNN
RMSE,9092.82620497,239.414403879,327.405143355,401.523382915,3411.55867955,385.40543204,290.228081244,7914.95832952,3301.72421704,7940.31926743,9234.78334858,1569.82915395,529.005534746,238.356804827,175.532972702,107.15439754,43.8646485449,240.934083292,68.1601150106
MSE,82679488.3938,57319.2567846,107194.127895,161221.027027,11638732.624,148537.347046,84232.3391425,62646565.358,10901382.8054,63048670.0688,85281223.4952,2464363.57258,279846.855792,56813.9664073,30811.8245057,11482.0649123,1924.10739196,58049.2324917,4645.80127826
R2,-0.0413464353382,0.999278065154,0.99864989219,0.99796942452,0.853410404862,0.998129175206,0.998939095442,0.21096781331,0.86269731048,0.205903312847,-0.074115234786,0.968961392099,0.996475334676,0.999284429276,0.999611925712,0.999855383631,0.999975765907,0.999268871125,0.99994148623
MAE,3984.3405392,47.8274731554,78.070004235,122.875821191,926.463598202,203.929553384,166.206002996,2064.37142075,960.155931548,2251.6240129,3513.7855668,842.971958628,259.348995511,57.5399358592,66.5629839915,38.3937088029,15.4180816294,90.1530984936,33.7581247427
MAPE,79.830979343,1.81906975689,2.79251274587,4.05051360155,14.1211180574,6.84666964525,5.82630597672,14.3660294082,12.2543415996,20.9985398442,39.7290276049,23.7723864265,6.00999452392,2.0560299093,2.46227944114,1.3106618975,0.554802584436,6.93455955019,1.11672468152
RRMSE,122.322112998,8.85892911966,11.1774056106,11.666520934,31.6409957624,10.7184436752,8.95691301275,23.7206112127,23.8511334595,33.8913694842,53.8624809314,40.4289856238,9.78071636644,7.91049949626,6.27268253237,3.99102487509,2.28491842992,23.7880484478,2.66477111231
