Metrics,LR,FT,MT,CT,SVM-L,SVM-Q,SVM-C,SVM-FG,SVM-MG,SVM-CG,SVM-K,SLRK,BOT,BAT,NNN,MNN,WNN,BNN,TNN
MSPE,1.632885,0.006298373,0.01289426,0.01548683,0.1450179,0.01225361,0.01249937,0.06634085,0.07105168,0.1150161,0.2976117,0.199704,0.01022277,0.007356611,0.003103441,0.001968733,0.0002470998,0.003656707,0.005691878
MPE,-16.00965,0.3894173,0.8729396,1.215033,3.187756,-0.348514,-0.002776984,-2.620964,2.325357,-1.990346,-10.88556,14.72829,-2.554094,0.7774918,0.1894329,0.02642799,0.04422124,0.1890812,0.3681541
NRMSEAve,185.1515,4.222701,6.054973,7.751114,66.51523,6.791151,5.969638,162.242,56.86662,161.1079,188.4035,36.68172,10.53977,4.407234,2.910845,1.962455,0.6116848,3.079482,3.550303
NRMSEMaxMin,21.70623,0.4950483,0.7098547,0.9087018,7.797912,0.7961605,0.6998505,19.02043,6.666758,18.88748,22.08748,4.300381,1.235629,0.516682,0.3412529,0.2300684,0.07171086,0.361023,0.4162197
NRMSESd,102.3212,2.333614,3.346192,4.28354,36.75866,3.75303,3.299033,89.66063,31.42651,89.03391,104.1184,20.27161,5.824647,2.435593,1.608636,1.084522,0.3380386,1.70183,1.962023
NRMSEIQ,374.2288,8.534939,12.23833,15.66658,134.4408,13.7263,12.06586,327.9241,114.939,325.6319,380.8018,74.14123,21.30302,8.907918,5.883411,3.966522,1.23634,6.22426,7.175886
