Metrics,LR,FT,MT,CT,SVM-L,SVM-Q,SVM-C,SVM-FG,SVM-MG,SVM-CG,SVM-K,SLRK,BOT,BAT,NNN,MNN,WNN,BNN,TNN
TrainTime,0.753686,0.220453,0.184777,0.174697,1.20485,2.19552,1.90448,1.00378,0.931242,0.905262,2.59144,5.52646,2.34643,2.45398,10.2334,13.2331,38.0106,12.3912,13.5877
