Metrics,LR,FT,MT,CT,SVM-L,SVM-Q,SVM-C,SVM-FG,SVM-MG,SVM-CG,SVM-K,SLRK,BOT,BAT,NNN,MNN,WNN,BNN,TNN
TrainTime,0.550524,0.176122,0.157769,0.196684,1.24114,2.28379,1.92485,0.968853,0.904385,0.871337,2.6891,5.40989,1.83797,1.8484,9.92714,12.4563,34.8826,11.7576,13.187
