InputGenerationTime,0.07405642606317997
ProfilingTime,3.5525072281016037
SimulationTime,154.644470288069
FramaCCommandExecutionTime,41.1394033919787
FramaCParsingTime,0.10435929300729185
TotalExecutionTime,199.55037546693347
