Metrics,LR,FT,MT,CT,SVM-L,SVM-Q,SVM-C,SVM-FG,SVM-MG,SVM-CG,SVM-K,SLRK,BOT,BAT,NNN,MNN,WNN,BNN,TNN
RMSE,2016.5425243,25.103425232,44.07004116,65.553058851,409.33308872,49.136333912,47.760635322,1473.5318106,213.74689578,1874.1981736,2121.6472708,438.75873482,106.06399681,39.259237352,23.968618039,17.694171454,8.9189243224,18.210393755,34.297456566
MSE,4066443.7523,630.18195836,1942.1685278,4297.2035247,167553.57752,2414.3793103,2281.0782864,2171295.9968,45687.735457,3512618.7939,4501387.1417,192509.22738,11249.57142,1541.2877175,574.49465072,313.08370344,79.547211068,331.6184407,1176.3155269
R2,0.03339381423,0.99985020381,0.99953834057,0.99897854151,0.96017199933,0.99942609461,0.99945778068,0.483876264,0.98913988477,0.16503971006,-0.069993567049,0.95423996461,0.99732594228,0.99963363117,0.99986344085,0.99992557904,0.99998109138,0.99992117328,0.99972038618
MAE,722.10886065,7.4333874775,15.6581392,24.470466455,105.90632046,40.914495479,41.072931811,382.23561165,82.692728637,489.16994452,750.3699116,208.20006138,46.796131463,13.400648331,10.931750425,7.3242657885,3.400653534,8.6007526884,17.334609897
MAPE,114.21447232,1.3024284591,2.3735658135,3.5666449056,57.24491057,27.293148113,28.191692229,35.455518996,29.228968302,40.687367682,136.40880179,43.357785483,6.3145226027,2.3606338761,6.4029312538,1.711881266,0.97862175923,5.0279339018,7.6850222724
RRMSE,250.83632597,3.3196770851,5.351068431,9.5640072014,179.19589992,70.591897214,73.420792698,75.909938376,72.620303424,88.196328107,350.96764797,74.238173024,7.937815624,14.310983222,18.929712117,3.4161512007,1.8841698659,15.846664081,20.277843553
