Metrics,LR,FT,MT,CT,SVM-L,SVM-Q,SVM-C,SVM-FG,SVM-MG,SVM-CG,SVM-K,SLRK,BOT,BAT,NNN,MNN,WNN,BNN,TNN
MSPE,6.291886,0.001102026,0.002863393,0.009147023,3.211117,0.4983216,0.5390613,0.5762319,0.5273708,0.7778592,12.31783,0.5511306,0.006300892,0.02048042,0.0358334,0.001167009,0.0003550096,0.02511168,0.04111909
MPE,Inf,0.07958366,0.2194649,0.5134921,,,,,,,Inf,,Inf,Inf,,,,,Inf
NRMSEAve,228.6154,2.845974,4.996219,7.431748,46.40608,5.570584,5.414621,167.0542,24.23248,212.4778,240.5311,49.74206,12.02447,4.450818,2.717321,2.005988,1.011138,2.064512,3.888301
NRMSEMaxMin,20.39177,0.253852,0.4456471,0.6628887,4.139277,0.4968787,0.4829673,14.90072,2.161461,18.95235,21.45462,4.436836,1.072545,0.3969991,0.2423766,0.1789278,0.09019036,0.184148,0.3468243
NRMSESd,98.28687,1.223548,2.147987,3.195075,19.95101,2.394919,2.327867,71.82037,10.41809,91.34896,103.4097,21.38523,5.16959,1.913507,1.168237,0.862419,0.434711,0.8875799,1.671668
NRMSEIQ,299.8576,3.732851,6.553166,9.747667,60.86737,7.306518,7.101953,219.1125,31.78393,278.6912,315.4866,65.24293,15.7716,5.837805,3.564107,2.631104,1.326234,2.707865,5.099994
