Metrics,LR,FT,MT,CT,SVM-L,SVM-Q,SVM-C,SVM-FG,SVM-MG,SVM-CG,SVM-K,SLRK,BOT,BAT,NNN,MNN,WNN,BNN,TNN
TrainTime,0.507917,0.151568,0.135398,0.122463,1.18636,2.00638,1.62384,0.77987,0.765751,0.696377,2.63189,5.15538,2.02783,2.16432,9.83714,12.9071,34.3023,11.7758,13.0718
