Metrics,LR,FT,MT,CT,SVM-L,SVM-Q,SVM-C,SVM-FG,SVM-MG,SVM-CG,SVM-K,SLRK,BOT,BAT,NNN,MNN,WNN,BNN,TNN
RMSE,180.9514373717,117.5704159712,137.0239488556,170.5668240634,4859.082887291,409.9536817298,537.3810795143,11872.61126643,2417.812484419,11865.49664316,13882.14946119,3926.481984234,659.5748710597,164.4407939211,211.6044145437,225.744538403,245.1987529776,176.9906382598,232.218066423
MSE,32743.42268688,13822.80271164,18775.56255997,29093.04147106,23610686.50557,168062.0211638,288778.42462,140958898.2838,5845817.209812,140790010.5888,192714073.6629,15417260.77252,435039.0105335,27040.7747054,44776.42825439,50960.59661877,60122.42846176,31325.68603162,53925.23037323
R2,0.9998174740143,0.9999229457252,0.9998953369018,0.9998378228164,0.8683838317851,0.9990631496783,0.9983902242867,0.2142341958785,0.9674128890298,0.2151756488629,-0.07427151390167,0.9140575270113,0.997574904585,0.9998492630381,0.999750396842,0.9997159236155,0.9996648516062,0.999825377091,0.9996993974661
MAE,66.07296905537,30.46269620521,37.31081730227,58.48530892735,1472.990138767,284.6327661148,317.7716950887,4036.376824554,935.4064400421,3353.634616636,5150.717063685,1541.970875462,302.46635971,43.69094262073,84.17852758783,82.19053011136,91.68049056134,61.27352801861,78.92821718684
MAPE,1.281762223819,0.6382828496953,0.7139885672115,0.9912398497239,14.17396952649,7.331184586544,7.992202942313,42.98411876134,15.48688574022,19.8425456774,45.06569587596,27.84482408285,4.246329557241,0.770547121082,1.376441891872,1.46021014339,1.742364086725,1.077992947765,1.258519631961
RRMSE,2.174147050951,1.286366943753,1.439562705401,1.939858557513,26.41156537738,10.36804200156,11.56997645343,55.01562987267,24.03203452729,28.4212062705,68.59216680454,59.52409539075,4.449626609296,1.706194979897,2.824837519178,3.207173168312,3.416605550612,2.087609373779,2.593289756319
