Metrics,LR,FT,MT,CT,SVM-L,SVM-Q,SVM-C,SVM-FG,SVM-MG,SVM-CG,SVM-K,SLRK,BOT,BAT,NNN,MNN,WNN,BNN,TNN
MSPE,0.6085682,0.0002194234,0.0002408864,0.0002032082,0.01710288,0.01274161,0.0139295,0.2577845,0.0514082,0.09506244,0.3871114,0.8379109,0.001978933,0.0001264854,0.002395639,0.001894072,0.01014629,0.0008648589,0.0009809512
MPE,Inf,-0.06045367,0.08613497,0.02065203,,,,,,,Inf,,Inf,Inf,,,,,Inf
NRMSEAve,176.7797,1.480877,1.782137,1.408924,14.63733,5.882469,5.732046,141.3681,28.53998,141.2103,184.5644,65.01484,8.714209,1.209397,2.724808,3.159363,6.699428,2.509881,2.717222
NRMSEMaxMin,20.65908,0.1730604,0.2082666,0.1646516,1.710568,0.6874454,0.6698664,16.52076,3.335279,16.50231,21.56883,7.597857,1.018372,0.1413343,0.3184303,0.369214,0.7829181,0.2933133,0.3175439
NRMSESd,99.95965,0.8373583,1.007705,0.7966724,8.276641,3.326227,3.241171,79.93622,16.13786,79.84699,104.3615,36.76248,4.927427,0.6838507,1.540736,1.786454,3.788175,1.419206,1.536447
NRMSEIQ,276.7729,2.318516,2.79018,2.205863,22.91674,9.20981,8.974302,221.3311,44.68324,221.084,288.9608,101.7896,13.64329,1.893477,4.266059,4.946415,10.48887,3.929562,4.254184
