Metrics,LR,FT,MT,CT,SVM-L,SVM-Q,SVM-C,SVM-FG,SVM-MG,SVM-CG,SVM-K,SLRK,BOT,BAT,NNN,MNN,WNN,BNN,TNN
TestTime,0.019049,0.010184,0.0075821,0.0083246,0.018665,0.012813,0.014349,0.015726,0.015963,0.015152,0.01763,0.0171,0.019439,0.020378,0.015203,0.012238,0.016803,0.010123,0.010412
