Metrics,LR,FT,MT,CT,SVM-L,SVM-Q,SVM-C,SVM-FG,SVM-MG,SVM-CG,SVM-K,SLRK,BOT,BAT,NNN,MNN,WNN,BNN,TNN
TestTime,0.013922,0.0065317,0.006116,0.0060021,0.015792,0.01066,0.012288,0.0126,0.01228,0.012879,0.015327,0.015072,0.015881,0.016603,0.0076483,0.007196,0.00704,0.0065881,0.0069106
