Metrics,LR,FT,MT,CT,SVM-L,SVM-Q,SVM-C,SVM-FG,SVM-MG,SVM-CG,SVM-K,SLRK,BOT,BAT,NNN,MNN,WNN,BNN,TNN
RMSE,1.632043150874764,2.671200181356902e-10,2.671200181356902e-10,2.671200181356902e-10,1.035524593981358,0.277015510595055,0.1738471674817701,0.2238500123930996,0.6257899742339812,1.523308856055994,0.1568142174583659,0.1525493997363575,0.0692227258229178,0.008270975956718342,0.0009909610279668054,0.001102141133923206,0.001660178086416162,0.003190777173466692,0.007052365361539167
MSE,2.663564846317227,7.135310408881145e-20,7.135310408881145e-20,7.135310408881145e-20,1.072311184740257,0.07673759311023902,0.03022283764143463,0.05010882804839084,0.3916130918517669,2.320469870938621,0.02459069879707966,0.023271319359923,0.004791785770354851,6.84090432766129e-05,9.820037589490277e-07,1.21471507908553e-06,2.756191278616431e-06,1.018105897071609e-05,4.973585719263747e-05
R2,-0.2076557170306483,1,1,1,0.5138159544048705,0.9652073073576994,0.9862970174302186,0.9772807436056926,0.8224432981638364,-0.05209704569837337,0.9888506194887154,0.9894488238547244,0.9978274125789142,0.9999689834575179,0.9999995547611858,0.9999994492502738,0.999998750347618,0.9999953839253855,0.9999774498479498
MAE,0.7069875750794022,2.195400118951498e-10,2.195400118951498e-10,2.195400118951498e-10,0.460427707942573,0.1066316948371197,0.04991823355297594,0.04836119755413621,0.2828983439969845,0.6209875761586794,0.02948773224379841,0.06720361545548852,0.02878124874757138,0.001550341554824572,0.0004836759829690395,0.0003652106506771472,0.001145586506721408,0.001826351977160804,0.0008685358857461932
MAPE,465903755586244.1,2232456.703735505,2232456.703735505,2232456.703735505,568800969343266.8,195729591827598.6,129311294680892.5,76985275710809.19,364945210856524.8,235882497965325.4,70813694097613.98,351689726810925.6,2137822.614825164,1345431956357.931,923337070824.4537,459927383836.2755,6746931375859.559,7165411331910.455,2757102505269.411
RRMSE,1274910287389085,4712637.353997244,4712637.353997244,4712637.353997244,1699014355164784,660734111259015.2,456809022078042.6,165127611732923.8,1764791281488726,785551590849828.1,161605972541401.6,966563486670693.4,4512861.189917962,22286852586160.73,2195159030485.351,1666570186599.265,21315517067597.65,40345492917714.41,5820098589651.424
