Metrics,LR,FT,MT,CT,SVM-L,SVM-Q,SVM-C,SVM-FG,SVM-MG,SVM-CG,SVM-K,SLRK,BOT,BAT,NNN,MNN,WNN,BNN,TNN
MSPE,1.62539624089052e+26,2220895083.029014,2220895083.029014,2220895083.029014,2.886649779056007e+26,4.365695657812407e+25,2.086744826518976e+25,2.726712815661924e+24,3.114488267218622e+26,6.170913018866957e+25,2.611649036105226e+24,9.342449737650077e+25,2036591611.946777,4.967037981972595e+22,4.818723169121387e+20,2.777456186861508e+20,4.543512678590469e+22,1.627758798773344e+23,3.387354759326249e+21
MPE,465903750243787.3,2232425.970251398,2232425.970251398,2232425.970251398,-24509356020948.95,8682040623479.251,37332235743805.71,75046242572055.83,-125771145066293.6,138570673852261,6363734020172.49,133910725755947.8,2137786.608492943,1345431956331.749,235043032076.5119,105469957436.9144,-323940572137.6268,17341906362.03953,2757101858354.674
NRMSEAve,240.3794237047444,3.934341808612222e-08,3.934341808612222e-08,3.934341808612222e-08,152.5197449588937,40.80089963211064,25.60550063248714,32.97029061180886,92.1709902620794,224.3642300430645,23.09676138228836,22.46860738668312,10.19563663599564,1.218210702876394,0.1459560923305518,0.1623315232025281,0.244523345749812,0.4699613351013859,1.03872469331062
NRMSEMaxMin,38.6648460379392,6.328358640108363e-09,6.328358640108363e-09,6.328358640108363e-09,24.53268406128135,6.562793429535256,4.118625148613042,5.303245971242176,14.82563312916934,36.08881441404604,3.715096363314783,3.614058274638669,1.639960337344645,0.1959482577275013,0.02347692556743841,0.02611090107046472,0.0393313927223283,0.07559292049804842,0.1670780706754313
NRMSESd,109.8606787864493,1.798113395108845e-08,1.798113395108845e-08,1.798113395108845e-08,69.70614394225908,18.64724717115209,11.7024894926411,15.0684216251756,42.1249348157556,102.541250112181,10.55591965451895,10.26883424897119,4.659714813470388,0.5567591961918692,0.06670635584910761,0.07419042384165592,0.1117545766987284,0.2147865673438055,0.474728652397126
NRMSEIQ,981.9754246598322,1.607220330561374e-07,1.607220330561374e-07,1.607220330561374e-07,623.0593243662184,166.6759996560981,104.6011841183972,134.6871318089863,376.5282648114456,916.5516610341472,94.35271836951233,91.78664271678146,41.6502563364435,4.976519844525236,0.5962461076702985,0.6631414784831006,0.9989037854456569,1.91984186706733,4.243300470972124
