Metrics,LR,FT,MT,CT,SVM-L,SVM-Q,SVM-C,SVM-FG,SVM-MG,SVM-CG,SVM-K,SLRK,BOT,BAT,NNN,MNN,WNN,BNN,TNN
TrainTime,0.620194,0.215672,0.143947,0.138085,0.961039,2.0058,1.9633,1.10527,0.989509,0.954155,25.8614,5.6085,2.43381,2.14973,8.21919,10.696,35.8335,12.3136,14.7812
