InputGenerationTime,0.03051874200173188
ProfilingTime,3.93715160499778
SimulationTime,1980.5523153540016
FramaCCommandExecutionTime,37.37132134700005
FramaCParsingTime,0.03395919300237438
TotalExecutionTime,2021.9670586369975
