InputGenerationTime,0.09748515800310997
ProfilingTime,3.4872481359998346
SimulationTime,152.92864168300002
FramaCCommandExecutionTime,36.95473246799884
FramaCParsingTime,0.031073948000994278
TotalExecutionTime,193.53577439700166
