InputGenerationTime,0.03315875499902177
ProfilingTime,3.640651612000511
SimulationTime,128.84209975200065
FramaCCommandExecutionTime,36.305988902000536
FramaCParsingTime,0.024889489999623038
TotalExecutionTime,168.88379267800337
