Metrics,LR,FT,MT,CT,SVM-L,SVM-Q,SVM-C,SVM-FG,SVM-MG,SVM-CG,SVM-K,SLRK,BOT,BAT,NNN,MNN,WNN,BNN,TNN
RMSE,10781.90651486,107.8784529498,123.0025642809,135.8194255779,476.0203281943,417.5504683057,407.6986885024,7908.047234586,1626.016267354,8580.469290417,11242.87725898,4982.361040229,547.6413875895,120.1512730562,155.1428424811,222.1860326247,414.3311202607,123.647429669,117.3175054018
MSE,116249508.0952,11637.76061084,15129.63081967,18446.91636431,226595.3528542,174348.3935823,166218.2206066,62537211.06445,2643928.901699,73624453.24378,126402289.0604,24823921.53519,299911.0894009,14436.32841702,24069.3015731,49366.63309352,171670.2772165,15288.68686375,13763.39707369
R2,-0.0139777814041,0.9998984904893,0.9998680329083,0.9998390981292,0.9980235387063,0.9984792589645,0.9985501738001,0.454523777611,0.9769385246797,0.357816123436,-0.1025346663917,0.7834751708076,0.9973840475884,0.9998740801875,0.9997900572879,0.9995694031749,0.9985026186375,0.9998666455537,0.9998799497817
MAE,4692.914667074,31.79764508896,36.26822027738,41.24651703054,364.3510601529,288.2979455261,303.0646560022,3216.830046103,824.4206095411,2740.794227872,4760.333907982,2620.585842492,275.698676824,38.64826413277,68.72263862338,91.76419550017,180.7113976412,48.58011363132,53.73918179728
MAPE,67.92819461742,0.6553990330993,0.7266246430906,0.7992463872178,8.7657078369,8.107300702884,8.466161762083,39.42988097192,15.61358935823,23.52041611477,46.48154235669,58.22351075068,4.410008961778,0.7943642429681,1.537758742583,2.305501329909,4.521598950731,1.065466899152,1.083020519463
RRMSE,84.54380418149,1.524252437303,1.619244247136,1.804047804148,12.72371414842,11.96158729736,11.74522053316,47.38667646562,23.08778483331,32.13886185596,63.40337698433,90.37526640445,4.675055504075,1.686659942625,3.296296980773,6.469220997368,10.45043536055,2.489040094172,2.333668499461
