Metrics,LR,FT,MT,CT,SVM-L,SVM-Q,SVM-C,SVM-FG,SVM-MG,SVM-CG,SVM-K,SLRK,BOT,BAT,NNN,MNN,WNN,BNN,TNN
TestTime,0.012548,0.0075352,0.006921,0.0067887,0.013072,0.017218,0.017549,0.013842,0.014786,0.019728,0.017969,0.015759,0.016991,0.017578,0.0074195,0.0075159,0.0070536,0.007448,0.0070371
