Metrics,LR,FT,MT,CT,SVM-L,SVM-Q,SVM-C,SVM-FG,SVM-MG,SVM-CG,SVM-K,SLRK,BOT,BAT,NNN,MNN,WNN,BNN,TNN
TestTime,0.0076198,0.005101,0.0044272,0.004305,0.0092863,0.010867,0.010203,0.010644,0.010802,0.011048,0.012567,0.013139,0.015069,0.014138,0.0056504,0.0058644,0.0065612,0.0061098,0.0059336
