Metrics,LR,FT,MT,CT,SVM-L,SVM-Q,SVM-C,SVM-FG,SVM-MG,SVM-CG,SVM-K,SLRK,BOT,BAT,NNN,MNN,WNN,BNN,TNN
RMSE,697.0303577,1.089549867,1.474299875,1.354958233,389.2598883,192.3867378,240.0157758,308.0794751,375.8709056,549.0751758,549.662374,127.316279,29.55965395,14.08872622,2.034299047,6.150895591,9.893416641,1.48394141,1.436991174
MSE,485851.3195,1.187118912,2.173560122,1.835911812,151523.2607,37012.6569,57607.57265,94912.96297,141278.9376,301483.5487,302128.7254,16209.43489,873.7731419,198.4922064,4.138372611,37.83351657,97.87969283,2.202082109,2.064943634
R2,-0.7505165286,0.9999957228,0.9999921687,0.9999933852,0.4540634931,0.8666438372,0.7924406006,0.6580297227,0.4909736672,-0.08624164187,-0.08856620584,0.9415975988,0.9968518058,0.9992848349,0.9999850895,0.9998636863,0.9996473406,0.9999920659,0.99999256
MAE,455.7959624,0.6121790863,0.7281243552,0.6877813731,144.9049083,80.10359169,103.0058784,88.69528902,158.6549135,231.8897306,231.7816297,65.98016663,19.29910189,3.305676173,0.9223574572,2.285426061,4.915118033,0.6883828798,0.8368169562
MAPE,99.59196811,0.2881903173,0.3437029217,0.3240843794,39.10609288,20.61654839,25.91227462,9.639945383,33.22086431,17.23571179,16.96269833,21.9271818,4.207391445,0.9958637118,0.3408022807,0.9020516201,1.786197625,0.2885005118,0.3581411449
RRMSE,99.7312048,0.5253175555,0.709812986,0.6476993557,115.7921865,39.53454514,51.66530013,20.18737411,87.08506092,34.36715617,34.11655923,49.09183338,4.241214805,4.961742697,0.7004142416,2.252398211,3.238610391,0.6883379008,0.6499693087
