Metrics,LR,FT,MT,CT,SVM-L,SVM-Q,SVM-C,SVM-FG,SVM-MG,SVM-CG,SVM-K,SLRK,BOT,BAT,NNN,MNN,WNN,BNN,TNN
MSPE,0.99463132,2.7595853e-05,5.0383448e-05,4.1951446e-05,1.340783,0.15629803,0.26693032,0.040753007,0.75838078,0.11811014,0.11639396,0.24100081,0.0017987903,0.0024618891,4.9058011e-05,0.00050732977,0.0010488597,4.7380907e-05,4.224601e-05
MPE,-99.362592,0.023875902,0.05036811,0.035528327,30.459177,7.9741515,14.66366,-1.6136682,20.497573,-11.211349,-12.766201,9.7727507,-4.2070968,0.58858594,0.074364223,0.20769773,0.61332202,0.01794416,0.047807697
NRMSEAve,152.63043,0.23858138,0.32283102,0.29669849,85.237183,42.127391,52.556837,67.460911,82.305365,120.23232,120.3609,27.878755,6.4727492,3.0850426,0.4454554,1.3468765,2.1663855,0.32494225,0.31466145
NRMSEMaxMin,48.611387,0.075985974,0.10281871,0.09449574,27.147258,13.417186,16.738869,21.485679,26.213501,38.292889,38.333841,8.8791268,2.0615111,0.98255768,0.14187345,0.42896778,0.68997384,0.10349112,0.10021678
NRMSESd,132.14948,0.20656698,0.27951145,0.25688556,73.799503,36.474463,45.504419,58.408566,71.261095,104.09877,104.21009,24.137802,5.6041936,2.6710715,0.38568129,1.1661439,1.8756858,0.28133939,0.27243812
NRMSEIQ,1413.8566,2.2100432,2.9904703,2.7483976,789.57486,390.23731,486.84807,624.90849,762.41665,1113.7442,1114.9353,258.24838,59.95881,28.577576,4.1263727,12.476478,20.067809,3.0100272,2.9147933
