Metrics,LR,FT,MT,CT,SVM-L,SVM-Q,SVM-C,SVM-FG,SVM-MG,SVM-CG,SVM-K,SLRK,BOT,BAT,NNN,MNN,WNN,BNN,TNN
TestTime,0.012451,0.0067926,0.0057256,0.0053134,0.011233,0.011786,0.012797,0.012684,0.013179,0.01313,0.016578,0.015596,0.017277,0.017496,0.0074719,0.0070069,0.0083017,0.0075012,0.0068632
