Metrics,LR,FT,MT,CT,SVM-L,SVM-Q,SVM-C,SVM-FG,SVM-MG,SVM-CG,SVM-K,SLRK,BOT,BAT,NNN,MNN,WNN,BNN,TNN
TestTime,0.010377,0.0074587,0.0067612,0.0071506,0.01283,0.01505,0.014767,0.014227,0.014924,0.013439,0.017485,0.016423,0.017449,0.018149,0.008318,0.0079615,0.0087717,0.0079624,0.008089
