Metrics,LR,FT,MT,CT,SVM-L,SVM-Q,SVM-C,SVM-FG,SVM-MG,SVM-CG,SVM-K,SLRK,BOT,BAT,NNN,MNN,WNN,BNN,TNN
RMSE,1344.6592503,164.86973596,304.17057791,666.88264312,717.48909296,265.6854517,106.28621607,1328.2228538,512.98175796,795.1195499,2017.7610901,746.05536667,214.91134122,253.93059572,68.334082079,58.058735758,57.40569215,66.875042049,64.42614482
MSE,1808108.4993,27182.029836,92519.740468,444732.45969,514790.59852,70588.759247,11296.759727,1764175.9495,263150.284,632215.09863,4071359.8167,556598.61014,46186.884584,64480.747444,4669.5467735,3370.8167979,3295.4134912,4472.271249,4150.7281364
R2,0.49250239722,0.9923705823,0.97403167646,0.87517305667,0.85550922703,0.98018723649,0.99682923979,0.50483332965,0.92613931169,0.82255066711,-0.14274411508,0.8437746073,0.98703632375,0.9819016255,0.99868935753,0.99905388341,0.99907504752,0.99874472857,0.99883497889
MAE,918.05553764,66.953115962,140.1315053,312.09828205,294.6769563,107.32668351,87.272808696,512.15235758,197.61853487,352.71600128,1132.303036,467.14787725,137.61091071,97.517327685,32.043700318,11.795710233,8.2393270331,29.035063859,26.210428453
MAPE,342.60806975,13.546679398,19.645683814,35.978150703,58.162753615,39.397217646,41.44730611,56.365590887,40.773784221,52.07512839,319.46816316,204.44498219,52.531372419,13.023759136,13.910936826,5.7311647009,3.0865036106,11.866074161,9.5587953488
RRMSE,1087.3251309,84.8487317,88.182593574,115.39746452,192.10439819,125.57343826,114.65523252,125.91826259,106.71910601,110.37285257,911.85089906,647.89390028,176.36046067,48.704573706,37.409418565,17.534069713,13.737792177,35.924245855,24.113059673
