Metrics,LR,FT,MT,CT,SVM-L,SVM-Q,SVM-C,SVM-FG,SVM-MG,SVM-CG,SVM-K,SLRK,BOT,BAT,NNN,MNN,WNN,BNN,TNN
MSPE,118.2276,0.7199307,0.777617,1.331657,3.69041,1.576869,1.314582,1.585541,1.138897,1.218217,83.14721,41.97665,3.110301,0.2372135,0.1399465,0.03074436,0.01887269,0.1290551,0.05814396
MPE,298.4054,7.681721,10.20421,19.9227,-16.18676,-14.02328,5.892997,23.96828,-5.013122,30.61378,262.4433,187.7916,37.52751,8.658656,1.089552,-2.142427,-1.648627,0.9963139,0.8068236
NRMSEAve,0.9476266,0.1161892,0.2143592,0.4699746,0.5056387,0.1872375,0.07490347,0.9360433,0.3615155,0.5603475,1.421984,0.5257703,0.1514552,0.1789534,0.04815733,0.04091594,0.04045572,0.04712909,0.04540327
NRMSEMaxMin,0.1357967,0.01665015,0.0307181,0.06734828,0.07245901,0.02683149,0.01073381,0.1341368,0.05180587,0.08029888,0.2037731,0.07534391,0.02170383,0.02564437,0.006901038,0.005863334,0.005797384,0.00675369,0.006506377
NRMSESd,0.7120448,0.08730437,0.1610691,0.353138,0.3799359,0.1406899,0.05628232,0.7033411,0.271642,0.421044,1.068476,0.3950628,0.1138032,0.1344653,0.03618532,0.03074416,0.03039835,0.03541271,0.03411593
NRMSEIQ,0.90641,0.1111356,0.2050358,0.4495333,0.4836462,0.1790937,0.07164558,0.8953305,0.3457915,0.5359754,1.360136,0.5029022,0.1448678,0.1711699,0.04606274,0.03913632,0.03869612,0.04507923,0.04342848
