Metrics,LR,FT,MT,CT,SVM-L,SVM-Q,SVM-C,SVM-FG,SVM-MG,SVM-CG,SVM-K,SLRK,BOT,BAT,NNN,MNN,WNN,BNN,TNN
TrainTime,1.48512,0.683415,0.214171,0.177838,1.54612,1.90601,2.06612,1.38617,1.26309,1.05012,2.894,5.25618,5.42227,5.59723,10.6759,15.8673,36.9755,14.4297,16.4287
