InputGenerationTime,0.05375042699961341
ProfilingTime,4.629599012001563
SimulationTime,141.65385864800191
FramaCCommandExecutionTime,41.703300528999534
FramaCParsingTime,0.0324177160000545
TotalExecutionTime,188.10338146799768
