Metrics,LR,FT,MT,CT,SVM-L,SVM-Q,SVM-C,SVM-FG,SVM-MG,SVM-CG,SVM-K,SLRK,BOT,BAT,NNN,MNN,WNN,BNN,TNN
RMSE,1405.3018752,38.364408978,37.867996727,39.071442517,90.764836244,69.651578361,73.781569267,1120.5641216,189.435171,1256.4336613,1462.740993,510.92172652,74.45261616,35.227788834,77.503216119,117.60329974,92.822512991,55.301848049,60.277471451
MSE,1974873.3604,1471.8278762,1433.9851761,1526.5776204,8238.2554983,4851.3423682,5443.7199634,1255663.9507,35885.684012,1578625.5451,2139611.2125,261041.01063,5543.192053,1240.9971061,6006.7485088,13830.536111,8616.0189179,3058.2943976,3633.3735645
R2,0.036359976116,0.99928182116,0.99930028652,0.99925510601,0.99598014086,0.9976327861,0.99734373528,0.38729841434,0.98248957017,0.22970921148,-0.044023906144,0.87262496383,0.99729519784,0.99939445511,0.99706900534,0.99325138593,0.99579581109,0.99850770437,0.99822709432
MAE,513.74219299,9.486520294,11.961309189,15.063733899,57.240384341,46.754247788,47.570805296,378.54831635,85.945231922,313.82002072,486.64207232,205.2694398,31.012684195,11.078848058,31.058018657,47.260089221,42.08091065,21.247667915,19.664572745
MAPE,129.15879769,4.0507826307,4.5844494143,5.2493401354,50.706938231,37.279450879,38.238704447,120.3458222,49.96836715,50.509384136,146.19853041,65.821638,5.6132982197,6.409666651,8.6413964934,15.450820754,15.080998499,6.191596939,7.9985678933
RRMSE,243.17625722,8.9922651503,9.6417512202,10.313428168,102.9141228,76.086268102,75.436588032,199.53329595,94.939761618,90.53649005,303.21994963,110.66546599,7.0885455533,51.894300066,18.846870371,40.499416164,29.952690192,16.514262409,18.457585155
