Metrics,LR,FT,MT,CT,SVM-L,SVM-Q,SVM-C,SVM-FG,SVM-MG,SVM-CG,SVM-K,SLRK,BOT,BAT,NNN,MNN,WNN,BNN,TNN
MSPE,5.913469,0.008086083,0.009296337,0.01063668,1.059132,0.578912,0.5690679,3.981354,0.9013558,0.8196856,9.194234,1.224685,0.005024748,0.2693018,0.03552045,0.1640203,0.08971636,0.02727209,0.03406824
MPE,Inf,0.5553972,0.4974155,0.7587035,,,,Inf,,,Inf,,Inf,2.949136,,,,Inf,Inf
NRMSEAve,235.2195,6.421436,6.338346,6.539779,15.19222,11.65828,12.34956,187.5601,31.70766,210.3019,244.8336,85.51809,12.46188,5.896428,12.97249,19.68444,15.53663,9.256425,10.08924
NRMSEMaxMin,19.50724,0.5325432,0.5256524,0.5423576,1.259923,0.9668459,1.024175,15.55475,2.629583,17.44078,20.30457,7.092195,1.03349,0.4890032,1.075836,1.632472,1.288486,0.7676547,0.8367223
NRMSESd,98.04824,2.676694,2.642059,2.726024,6.332684,4.859607,5.147757,78.18202,13.21694,87.66167,102.0558,35.64713,5.194576,2.457851,5.407417,8.205209,6.476248,3.858423,4.205573
NRMSEIQ,315.7982,8.621216,8.509662,8.780099,20.39659,15.65204,16.58013,251.8122,42.5697,282.3446,328.7058,114.8139,16.73092,7.916357,17.41645,26.42771,20.85899,12.42738,13.5455
