Metrics,LR,FT,MT,CT,SVM-L,SVM-Q,SVM-C,SVM-FG,SVM-MG,SVM-CG,SVM-K,SLRK,BOT,BAT,NNN,MNN,WNN,BNN,TNN
TestTime,0.015742,0.011755,0.0096753,0.0082752,0.013425,0.01488,0.014237,0.015607,0.015211,0.015071,0.018884,0.017325,0.018259,0.020035,0.0096657,0.0088461,0.008854,0.0083697,0.0080645
