Metrics,LR,FT,MT,CT,SVM-L,SVM-Q,SVM-C,SVM-FG,SVM-MG,SVM-CG,SVM-K,SLRK,BOT,BAT,NNN,MNN,WNN,BNN,TNN
TestTime,0.012243,0.0087066,0.0079967,0.0077063,0.012441,0.013752,0.013943,0.014792,0.014424,0.014896,0.018407,0.017168,0.018737,0.019599,0.0087413,0.0093263,0.0093571,0.0095911,0.0096485
