InputGenerationTime,0.04604128689970821
ProfilingTime,3.6186502689961344
SimulationTime,137.42830844793934
FramaCCommandExecutionTime,43.88486265402753
FramaCParsingTime,0.03536195901688188
TotalExecutionTime,185.0729036279954
