InputGenerationTime,0.01742654899135232
ProfilingTime,3.7499291179701686
SimulationTime,184.97029588208534
FramaCCommandExecutionTime,48.23780188895762
FramaCParsingTime,0.04088851506821811
TotalExecutionTime,237.05407831491902
