InputGenerationTime,0.0431053499924019
ProfilingTime,3.65370782406535
SimulationTime,129.0341358379228
FramaCCommandExecutionTime,38.31524206500035
FramaCParsingTime,0.027609523036517203
TotalExecutionTime,171.09039376699366
