Metrics,LR,FT,MT,CT,SVM-L,SVM-Q,SVM-C,SVM-FG,SVM-MG,SVM-CG,SVM-K,SLRK,BOT,BAT,NNN,MNN,WNN,BNN,TNN
RMSE,10.496295993,5.1664670486,6.9453634816,9.0595234303,482.24336597,306.70399052,151.93712069,190.39132982,482.06063655,1009.7006738,1040.2092079,121.42615038,51.402835673,33.321327742,6.6055399105,3.5740053173,1.9704720316,6.9295195914,5.7899259278
MSE,110.17222958,26.692381765,48.238073892,82.074964784,232558.66402,94067.337798,23084.888643,36248.858471,232382.45731,1019495.4506,1082035.1961,14744.309997,2642.2515152,1110.3108825,43.633157509,12.773514008,3.8827600273,48.018241768,33.52324225
R2,0.99988673372,0.999972558,0.99995040722,0.99991562006,0.76091022157,0.90329090061,0.97626680161,0.96273313842,0.76109137681,-0.04812668421,-0.11242277894,0.9848416148,0.99728354421,0.99885850745,0.99995514146,0.99998686776,0.9999960082,0.99995063323,0.9999655353
MAE,4.4118436596,1.6329196684,2.3702253979,3.6190262818,227.23946678,117.80042645,55.591174618,43.184559838,218.13032444,411.66758458,426.18130354,68.189022612,29.838045717,5.7505995898,2.8637674564,1.6410067853,0.85455247786,3.2821947371,2.700735099
MAPE,1.6885735489,0.65713630812,0.94972696403,1.4093853724,32.907298781,22.172502698,11.934887359,4.2601342692,28.838394455,21.950377514,23.008383114,20.432172965,4.5883604667,1.5940772953,1.0404120417,0.58365239261,0.2985400339,1.2052347122,0.99297808443
RRMSE,4.2044110906,2.114343242,2.8439504401,3.6259171415,74.930971264,56.993078053,37.428453858,9.8969257656,65.360050989,37.464602207,36.694742988,42.493043836,5.1389462306,13.416420607,2.5500159541,1.368706365,0.74342745753,2.6705189422,2.2548342435
