Metrics,LR,FT,MT,CT,SVM-L,SVM-Q,SVM-C,SVM-FG,SVM-MG,SVM-CG,SVM-K,SLRK,BOT,BAT,NNN,MNN,WNN,BNN,TNN
MSPE,0.0017677073,0.00044704473,0.00080880541,0.0013147275,0.56146505,0.32482109,0.14008892,0.009794914,0.42719363,0.14035964,0.13465042,0.18056588,0.0026408768,0.018000034,0.00065025814,0.00018733571,5.5268438e-05,0.00071316714,0.00050842775
MPE,0.16302826,0.042311098,0.076554673,0.12438558,15.721839,12.693879,7.0482074,0.48508915,12.22848,-8.104384,-10.361887,6.5039861,-4.1082619,0.64193646,0.053174552,0.030318429,0.020093466,0.075200112,0.053761054
NRMSEAve,1.5471545,0.76153749,1.0237469,1.3353742,71.082696,45.208183,22.395539,28.063691,71.055761,148.82993,153.32689,17.89822,7.5767805,4.9115653,0.9736569,0.52680856,0.29044767,1.0214115,0.85343536
NRMSEMaxMin,0.36965848,0.1819526,0.24460176,0.31905823,16.983644,10.801499,5.3509205,6.7052005,16.977208,35.559631,36.634081,4.2763853,1.8103047,1.1735103,0.23263386,0.12586929,0.06939607,0.24404377,0.20390957
NRMSESd,1.0639495,0.52369522,0.70401179,0.91831209,48.882253,31.08883,15.400997,19.298881,48.86373,102.34758,105.44006,12.308275,5.2104115,3.3775925,0.66956581,0.36227648,0.19973548,0.70240578,0.58689169
NRMSEIQ,10.742718,5.2877605,7.1084201,9.2722143,493.56502,313.9045,155.50416,194.86116,493.378,1033.4055,1064.6303,124.27688,52.609623,34.103614,6.7606185,3.6579124,2.0167329,7.0922043,5.9258563
