Metrics,LR,FT,MT,CT,SVM-L,SVM-Q,SVM-C,SVM-FG,SVM-MG,SVM-CG,SVM-K,SLRK,BOT,BAT,NNN,MNN,WNN,BNN,TNN
TrainTime,0.460368,0.177075,0.133897,0.106525,0.973096,1.82819,1.95348,0.946227,0.898831,0.766717,4.00506,5.4491,1.85414,1.82912,9.87452,12.0375,35.4335,11.4836,13.114
