InputGenerationTime,0.07809895899845287
ProfilingTime,3.6848702739989676
SimulationTime,175.5507430430007
FramaCCommandExecutionTime,43.11990221399901
FramaCParsingTime,0.054199662001337856
TotalExecutionTime,222.52690209900175
