Metrics,LR,FT,MT,CT,SVM-L,SVM-Q,SVM-C,SVM-FG,SVM-MG,SVM-CG,SVM-K,SLRK,BOT,BAT,NNN,MNN,WNN,BNN,TNN
RMSE,12.57457515,6.109471642,9.09241013,11.65507284,390.9732232,80.69729687,72.27872443,69.70869715,314.8316562,739.5574593,755.1946872,70.3502137,40.88580697,12.52922714,7.297340469,4.343821269,1.193109307,4.896057699,5.897834923
MSE,158.1199402,37.32564375,82.67192198,135.8407228,152860.0613,6512.053722,5224.214005,4859.302458,99118.97173,546945.2357,570319.0156,4949.152567,1671.649212,156.9815329,53.25117792,18.86878322,1.423509818,23.97138099,34.78445677
R2,0.9996960455,0.9999282488,0.9998410795,0.9997388729,0.7061566064,0.9874818579,0.9899574764,0.9906589471,0.8094632779,-0.0513946075,-0.09632610073,0.9904862279,0.9967865833,0.9996982339,0.9998976351,0.9999637285,0.9999972636,0.9999539197,0.9999331337
MAE,4.759989158,1.289752506,2.397368672,3.530085089,185.2366913,37.80420657,32.50909011,24.2746608,142.4355547,318.5850751,340.7310819,36.82999048,26.6778147,4.054256418,3.403467423,1.647947889,0.5876941855,2.613747,2.690213682
MAPE,1.750934536,0.4968552948,0.9050522933,1.332315332,22.00281958,9.577666758,8.421347,5.834405983,23.68253503,24.06229382,29.17760354,10.52794972,4.602908013,1.330072075,1.218512195,0.5582262659,0.1708900959,0.8711028152,0.9097942798
RRMSE,4.910623632,2.265285696,3.447281428,4.551798186,28.41706796,19.0213646,19.06918659,17.12363055,43.53908131,36.10063737,38.40291179,20.08073331,5.242232495,4.546141173,2.757850384,1.600617182,0.4130000398,1.783686465,2.136269338
