Metrics,LR,FT,MT,CT,SVM-L,SVM-Q,SVM-C,SVM-FG,SVM-MG,SVM-CG,SVM-K,SLRK,BOT,BAT,NNN,MNN,WNN,BNN,TNN
MSPE,0.002411422,0.0005131519,0.001188375,0.002071887,0.08075298,0.03618123,0.03636339,0.02932187,0.1895652,0.1303256,0.1474784,0.04032359,0.0027481,0.00206674,0.0007605739,0.0002561975,1.70569e-05,0.0003181537,0.0004563647
MPE,0.2139939,0.05282915,0.1104021,0.1828234,-0.8414936,3.913104,3.698471,2.733483,10.20155,-7.600876,-8.571282,4.008346,-4.074199,0.4832222,0.08470243,0.04852718,0.01270888,0.04081664,0.05939648
NRMSEAve,2.089626,1.015264,1.510964,1.936824,64.9714,13.41017,12.01118,11.5841,52.31829,122.8986,125.4972,11.6907,6.794347,2.08209,1.212662,0.7218503,0.1982693,0.8136202,0.9800941
NRMSEMaxMin,0.5936094,0.2884105,0.4292265,0.5502024,18.45672,3.809487,3.41207,3.290747,14.8623,34.91238,35.65056,3.321031,1.930101,0.5914687,0.3444864,0.2050593,0.05632325,0.2311288,0.2784198
NRMSESd,1.74291,0.8468087,1.260262,1.615462,54.19119,11.18512,10.01826,9.662035,43.63752,102.507,104.6744,9.750953,5.667013,1.736625,1.011454,0.6020792,0.165372,0.6786224,0.8174746
NRMSEIQ,6.971214,3.387028,5.040738,6.461452,216.7515,44.73775,40.07058,38.64578,174.5394,410.003,418.6721,39.00143,22.66667,6.946074,4.04557,2.408169,0.6614474,2.714324,3.269699
