Metrics,LR,FT,MT,CT,SVM-L,SVM-Q,SVM-C,SVM-FG,SVM-MG,SVM-CG,SVM-K,SLRK,BOT,BAT,NNN,MNN,WNN,BNN,TNN
TrainTime,0.562093,0.169219,0.154993,0.132471,1.07709,2.45701,1.96228,1.0261,0.907608,0.850271,3.06364,5.25536,1.95121,2.10296,9.43342,11.9802,35.0237,10.9973,12.613
