InputGenerationTime,0.03151411795988679
ProfilingTime,3.4173097119200975
SimulationTime,146.65269409201574
FramaCCommandExecutionTime,38.94200175709557
FramaCParsingTime,0.027766912011429667
TotalExecutionTime,189.11088227201253
