Metrics,LR,FT,MT,CT,SVM-L,SVM-Q,SVM-C,SVM-FG,SVM-MG,SVM-CG,SVM-K,SLRK,BOT,BAT,NNN,MNN,WNN,BNN,TNN
RMSE,1893.7442885,42.111158152,52.349632811,60.77488383,412.09811294,91.857317488,83.76007111,1421.504882,226.73936017,1761.9278687,1987.5068633,696.26040952,98.875716591,49.945276964,90.184657055,113.02754536,88.764551815,89.955139492,77.800334468
MSE,3586267.4301,1773.3496409,2740.4840555,3693.5865045,169824.85469,8437.7667762,7015.7495123,2020676.1295,51410.737452,3104389.8147,3950183.5316,484778.55786,9776.4073314,2494.530691,8133.2723682,12775.22601,7879.145659,8091.927121,6052.8920434
R2,0.046548717193,0.99952853419,0.99927141015,0.99901801668,0.95485006941,0.99775672068,0.99813478066,0.46277953739,0.98633185212,0.1746615363,-0.050202649136,0.87111593129,0.99740082738,0.99933679974,0.99783767409,0.99660355624,0.99790523666,0.99784866621,0.99839076762
MAE,641.18324327,12.217520127,16.956055652,22.200747276,108.16821208,63.808664979,57.604505119,488.95398537,97.083591728,427.6171738,648.28426466,295.15436355,42.414567086,15.206524209,37.370379314,53.595579844,47.948247962,34.670975828,35.655309705
MAPE,121.45535521,1.9857068951,2.72992455,3.5745336713,68.561694282,36.019045973,34.63959457,88.37280934,37.613957692,42.074811354,146.20907661,68.234459645,6.6689550478,5.1881062517,11.310778617,9.9781779119,10.284150772,8.6065996959,11.248562586
RRMSE,266.87390237,5.2889284143,6.2397808941,9.853227904,208.16008882,77.71547576,79.626067817,123.91028539,80.70910478,93.141945403,375.45221416,118.82100052,8.2522998964,52.573851268,23.184933007,20.484361443,16.108794477,18.748501786,23.222269266
