Metrics,LR,FT,MT,CT,SVM-L,SVM-Q,SVM-C,SVM-FG,SVM-MG,SVM-CG,SVM-K,SLRK,BOT,BAT,NNN,MNN,WNN,BNN,TNN
MSPE,7.122168,0.002797276,0.003893487,0.00970861,4.333062,0.6039695,0.6340311,1.535376,0.651396,0.8675422,14.09644,1.411843,0.006810045,0.276401,0.05375411,0.04196091,0.02594933,0.03515063,0.05392738
MPE,Inf,0.2136868,0.392587,1.011856,,,,Inf,,,Inf,,Inf,Inf,,,,Inf,Inf
NRMSEAve,243.7431,5.42011,6.7379,7.822311,53.04098,11.82292,10.78072,182.9613,29.18353,226.777,255.8112,89.61539,12.72625,6.428436,11.60763,14.54773,11.42485,11.57809,10.01365
NRMSEMaxMin,19.15001,0.4258384,0.5293724,0.6145706,4.167237,0.9288838,0.8470024,14.37461,2.292844,17.81705,20.09816,7.040756,0.9998556,0.5050589,0.9119694,1.142962,0.897609,0.9096485,0.7867361
NRMSESd,97.52852,2.16874,2.696025,3.129929,21.2232,4.730685,4.313674,73.20802,11.67716,90.73992,102.3573,35.85766,5.092135,2.5722,4.644543,5.82096,4.571407,4.632722,4.006745
NRMSEIQ,347.476,7.726818,9.605437,11.15135,75.61433,16.85455,15.36882,260.8266,41.60355,323.2895,364.6802,127.7542,18.14233,9.164271,16.54764,20.739,16.28707,16.50553,14.27529
