Metrics,LR,FT,MT,CT,SVM-L,SVM-Q,SVM-C,SVM-FG,SVM-MG,SVM-CG,SVM-K,SLRK,BOT,BAT,NNN,MNN,WNN,BNN,TNN
TestTime,0.012411,0.008011,0.0075356,0.0068784,0.012401,0.014143,0.013857,0.016567,0.014411,0.01539,0.017925,0.017651,0.019711,0.020162,0.0092059,0.0091689,0.0093356,0.0093344,0.0089816
