Metrics,LR,FT,MT,CT,SVM-L,SVM-Q,SVM-C,SVM-FG,SVM-MG,SVM-CG,SVM-K,SLRK,BOT,BAT,NNN,MNN,WNN,BNN,TNN
TestTime,0.012597,0.0073615,0.0069458,0.0060822,0.012801,0.014422,0.013387,0.013512,0.01309,0.01365,0.016941,0.015721,0.017649,0.018049,0.0076285,0.0072672,0.0073882,0.0074769,0.0073194
