Metrics,LR,FT,MT,CT,SVM-L,SVM-Q,SVM-C,SVM-FG,SVM-MG,SVM-CG,SVM-K,SLRK,BOT,BAT,NNN,MNN,WNN,BNN,TNN
RMSE,0.02714871434088832,0.004595831568991213,0.01115185734964425,0.02887850090687836,0.08774241349143937,0.11487259610774,0.1338128478368552,0.2511453267212087,0.2259030339618535,0.9147767076088774,0.2261081092132531,0.2396133354998039,0.08019242825069708,0.0304662535047013,0.008102638618207059,0.01075440081712266,0.1182242511574303,0.01617706882694563,0.01702887863007799
MSE,0.000737052690363155,2.112166781053623e-05,0.0001243639223468144,0.000833967814628574,0.007698731125302722,0.01319571333653196,0.01790587824620935,0.06307397513390266,0.05103218075317034,0.8368164247837375,0.05112487705199241,0.05741455054934159,0.0064308255487432,0.0009281926026127241,6.56527525772604e-05,0.0001156571369353286,0.01397697356173516,0.000261697555831736,0.000289982707397927
R2,0.9996940401205311,0.9999912321289618,0.9999483749653328,0.9996538094285783,0.9968041594882442,0.9945222927549965,0.9925670438197629,0.973817196406833,0.9788158973212858,0.6526269345298965,0.9787774179170511,0.9761664950206166,0.997330483104526,0.9996146955291902,0.9999727467133246,0.9999519892619088,0.9941979817695509,0.9998913660397872,0.9998796245161796
MAE,0.008980018171336032,0.0006166757803667325,0.00172623495438033,0.005295248550084289,0.06974570551160614,0.08223691378219258,0.08856814191026553,0.2012622733171859,0.1200159600768932,0.5290283453475689,0.1236755162014322,0.1588672091713408,0.04659579777698381,0.005630549778862287,0.004446190422891597,0.004416620164935206,0.06870429033632144,0.008027666440767812,0.007444423107717792
MAPE,333517665415419.1,69929211801735.31,74726649053731.81,88738227979308.42,3693430585296821,4405970582750892,4093277368435669,1.183484244671348e+16,3933849628507824,9339067144852418,6521303195425784,7717365067334386,87583370750742.27,199831752880129.2,121149345841823.2,279505588843969.6,4373961174024801,316419625202022,203807798982339.1
RRMSE,777981114400903.9,587129710687737.2,543733575656693.4,481220912494798.4,7871126861865948,1.019183119784034e+16,9466307334923476,2.083415315227287e+16,8254975277255086,1.957758776130892e+16,1.570722775679849e+16,1.843801910194815e+16,368261251209955.7,1751129311632450,246725318252353.5,1280119302800814,1.121547502925412e+16,1163319854473962,635713000851810.4
