Metrics,LR,FT,MT,CT,SVM-L,SVM-Q,SVM-C,SVM-FG,SVM-MG,SVM-CG,SVM-K,SLRK,BOT,BAT,NNN,MNN,WNN,BNN,TNN
TestTime,0.0087149,0.0060414,0.0051477,0.0048791,0.010326,0.011416,0.01174,0.01141,0.011429,0.011694,0.013625,0.014026,0.017058,0.015646,0.0069768,0.0066649,0.0062781,0.0061078,0.0058255
