Metrics,LR,FT,MT,CT,SVM-L,SVM-Q,SVM-C,SVM-FG,SVM-MG,SVM-CG,SVM-K,SLRK,BOT,BAT,NNN,MNN,WNN,BNN,TNN
TestTime,0.0096164,0.0068071,0.0062283,0.0061555,0.011144,0.012327,0.012604,0.012039,0.012649,0.012798,0.017277,0.015901,0.016157,0.01711,0.008158,0.0085102,0.0088068,0.0081465,0.0077519
