Metrics,LR,FT,MT,CT,SVM-L,SVM-Q,SVM-C,SVM-FG,SVM-MG,SVM-CG,SVM-K,SLRK,BOT,BAT,NNN,MNN,WNN,BNN,TNN
RMSE,10495.2267118,87.91813057612,105.803621663,83.64632461487,869.0029424324,349.2360117962,340.3055474261,8392.87478155,1694.388628344,8383.505393163,10957.39480805,3859.863219891,517.3534295369,71.80066077918,161.7689671158,187.5680732505,397.7380430995,149.009008905,161.3186440247
MSE,110149783.7321,7729.597683999,11194.406357,6996.707621577,755166.1139562,121965.7919353,115807.8656089,70440347.09878,2870952.823861,70283162.6772,120064500.9795,14898544.07627,267654.5710536,5155.334888327,26169.19872173,35181.78210289,158195.5509286,22203.68473484,26023.70490997
R2,-0.001577792409065,0.9999297157641,0.9998982107052,0.999936379839,0.9931333718171,0.9988909807673,0.998946973998,0.3594949989617,0.9738947958497,0.3609242566564,-0.09173103898402,0.8645294581576,0.9975662514685,0.999953123204,0.9997620468475,0.999680096588,0.9985615482364,0.9997981047553,0.999763369804
MAE,4429.560760187,30.98735972758,36.86745979752,33.67579877005,494.2711962449,260.0724045516,265.7814797822,3221.981634061,857.4731512443,2566.275294322,4523.669043497,1841.696199037,257.4715133851,28.92013567331,68.35338212836,86.82032541422,172.4892362811,56.24375390273,63.66851442905
MAPE,65.20271979986,0.6941515012131,0.7545902589047,0.7135025814097,9.252204582796,8.015978752684,8.200625973379,41.23932200474,16.27070711179,22.553257633,44.49944570491,42.81595172171,4.281934652003,0.5988594602478,1.955452537252,2.098991434626,4.646785593421,1.382177898581,1.355902964439
RRMSE,78.01078059479,1.481294612235,1.552051605974,1.425511222501,13.07779844018,11.2878726002,11.80233222811,50.77248485158,22.67337595855,30.8321973564,62.21827754713,91.53747244959,4.448519673391,1.124657342148,4.894526555261,4.352093240634,10.07287715441,2.94084836663,3.13201406106
