Metrics,LR,FT,MT,CT,SVM-L,SVM-Q,SVM-C,SVM-FG,SVM-MG,SVM-CG,SVM-K,SLRK,BOT,BAT,NNN,MNN,WNN,BNN,TNN
RMSE,8430.46029614,187.71970037,164.34485539,204.315520409,419.371043294,388.056930355,393.475642206,5859.0174038,1310.71827152,6532.59285078,8171.68376434,3194.13244053,415.14102077,157.714147723,246.331904893,370.974849205,721.297165459,353.45395958,297.91372535
MSE,71072660.8049,35238.6859069,27009.231493,41744.8318801,175872.071954,150588.181197,154823.081009,34328084.9381,1717982.38731,42674769.354,66776415.5443,10202482.0477,172342.067126,24873.7523921,60679.4073683,137622.338742,520269.6009,124929.701543,88752.587752
R2,-0.130984306181,0.999439244285,0.999570200178,0.999335711521,0.997201335211,0.997603679563,0.997536289301,0.453734742916,0.972661624085,0.320913360177,-0.0626178497945,0.83764717756,0.997257508429,0.999604182209,0.999034404275,0.997810005936,0.991720912839,0.998011984774,0.998587673759
MAE,4107.47100412,53.5998582374,54.8005720619,69.2978940624,296.977277767,288.591824986,303.141537182,2145.35037091,638.269594501,1746.91504802,3311.55888814,1447.64337347,215.403799164,48.0656374329,102.804192606,173.43283893,286.657795764,146.699431565,103.941041125
MAPE,84.2266801553,1.07327171264,1.09769213541,1.30845195855,8.84658850073,8.78264915732,9.15814221058,43.9246402214,16.5338232515,17.2139143499,44.0681338204,39.0032834718,4.30163450736,0.842868429604,2.42834936375,4.73443020816,8.19399506003,3.59168349103,1.98595945111
RRMSE,125.377302125,2.78201700042,2.45553282291,2.98028914155,12.5632036396,12.1449030442,12.0674019044,55.1116540451,24.1597954141,24.0207295256,61.1201171475,70.462399967,4.54707298152,2.02701502925,4.99607646929,9.19914788162,20.7225906303,7.8128835837,4.52850143833
