Metrics,LR,FT,MT,CT,SVM-L,SVM-Q,SVM-C,SVM-FG,SVM-MG,SVM-CG,SVM-K,SLRK,BOT,BAT,NNN,MNN,WNN,BNN,TNN
TestTime,0.017957,0.0087738,0.0084517,0.0077614,0.020913,0.015294,0.015387,0.014809,0.014353,0.014198,0.017519,0.017217,0.019116,0.01906,0.0094225,0.0088859,0.008635,0.008728,0.009138
