Metrics,LR,FT,MT,CT,SVM-L,SVM-Q,SVM-C,SVM-FG,SVM-MG,SVM-CG,SVM-K,SLRK,BOT,BAT,NNN,MNN,WNN,BNN,TNN
TestTime,0.01103,0.006732,0.0063588,0.0065599,0.01189,0.012252,0.012003,0.012325,0.01247,0.013064,0.016567,0.015188,0.015892,0.016967,0.0070597,0.00675,0.0064201,0.0063802,0.0064008
