InputGenerationTime,0.05826241499744356
ProfilingTime,4.7812248340051156
SimulationTime,290.613660758012
FramaCCommandExecutionTime,51.644527733005816
FramaCParsingTime,0.09402611901168711
TotalExecutionTime,347.21022822899977
