InputGenerationTime,0.05673608501092531
ProfilingTime,3.357092805992579
SimulationTime,144.93914870198932
FramaCCommandExecutionTime,38.57046490101493
FramaCParsingTime,0.052270689979195595
TotalExecutionTime,186.99170603000675
