InputGenerationTime,0.04010419000405818
ProfilingTime,3.7303150719963014
SimulationTime,187.98081848502625
FramaCCommandExecutionTime,40.632593969930895
FramaCParsingTime,0.04457363404799253
TotalExecutionTime,232.4464478570735
