Metrics,LR,FT,MT,CT,SVM-L,SVM-Q,SVM-C,SVM-FG,SVM-MG,SVM-CG,SVM-K,SLRK,BOT,BAT,NNN,MNN,WNN,BNN,TNN
RMSE,14.33184231,16.20395983,12.7440788,14.39057894,385.350099,115.1814967,106.2641547,93.50833884,332.7129744,670.1921285,685.6520839,73.14159065,38.5619155,13.89610932,14.15031496,18.42075253,16.28669512,17.81249636,21.84949475
MSE,205.4017039,262.5683142,162.4115444,207.0887622,148494.6988,13266.77718,11292.07057,8743.809433,110697.9233,449157.4891,470118.7802,5349.692282,1487.021327,193.1018543,200.2314134,339.3241239,265.2564381,317.2850265,477.4004206
R2,0.9995327626,0.9994027228,0.9996305544,0.9995289249,0.6622117493,0.9698214045,0.9743133674,0.9801100233,0.7481899477,-0.02172080056,-0.06940248832,0.9878307898,0.9966173989,0.9995607416,0.9995445237,0.9992281226,0.999396608,0.999278256,0.9989140336
MAE,5.413915214,4.077686225,3.649048499,4.585770672,173.1760212,72.64061029,67.28245895,51.27768824,161.9208747,270.0063479,287.9405528,42.99039673,25.63409808,4.959442857,5.548646296,7.13830112,6.650775379,7.211915727,7.679875838
MAPE,2.027187407,1.62125701,1.397336507,1.786138922,21.96389022,22.6010244,21.56509448,14.87031007,30.06675505,22.73855888,26.42722097,13.04094685,5.052960489,1.713320036,2.081603209,2.536119366,2.314761123,2.605408102,2.738927778
RRMSE,5.745076472,6.640500051,4.926636895,5.885248486,28.48914952,35.63589603,34.54561786,24.9241216,48.77753717,33.91816267,35.6919704,23.00669807,6.013610431,5.15473114,5.705218762,6.721924169,5.804813844,6.885356415,8.162469317
