Metrics,LR,FT,MT,CT,SVM-L,SVM-Q,SVM-C,SVM-FG,SVM-MG,SVM-CG,SVM-K,SLRK,BOT,BAT,NNN,MNN,WNN,BNN,TNN
MSPE,0.00330059,0.004409624,0.002427175,0.003463615,0.08116316,0.1269917,0.11934,0.06212118,0.2379248,0.1150442,0.1273917,0.05293082,0.003616351,0.002657125,0.003254952,0.004518426,0.003369586,0.004740813,0.006662591
MPE,0.2573025,0.4498184,0.1281915,0.320275,0.97094,4.32247,3.719233,6.632465,13.33397,-5.126708,-6.853613,3.93957,-4.199642,0.4678403,0.401251,0.557026,-0.00884054,0.1613333,0.6826524
NRMSEAve,2.60698,2.94752,2.318164,2.617664,70.09566,20.95166,19.32958,17.00928,60.5209,121.9088,124.721,13.30455,7.01446,2.52772,2.57396,3.350758,2.96257,3.240115,3.97445
NRMSEMaxMin,0.676565,0.7649422,0.6016112,0.6793378,18.19127,5.437386,5.016424,4.414259,15.70642,31.63784,32.36766,3.452804,1.820397,0.6559953,0.6679956,0.8695906,0.7688479,0.8408766,1.031452
NRMSESd,2.158993,2.441014,1.919807,2.167841,58.05032,17.35129,16.00796,14.08638,50.1209,100.9598,103.2887,11.01827,5.809085,2.093353,2.131647,2.774959,2.453478,2.683329,3.291475
NRMSEIQ,7.945425,8.983307,7.065185,7.977988,213.6341,63.85543,58.91175,51.84005,184.4526,371.5476,380.1184,40.54894,21.37833,7.703859,7.844788,10.21227,9.029175,9.875063,12.11313
