Metrics,LR,FT,MT,CT,SVM-L,SVM-Q,SVM-C,SVM-FG,SVM-MG,SVM-CG,SVM-K,SLRK,BOT,BAT,NNN,MNN,WNN,BNN,TNN
TestTime,0.0088557,0.0061869,0.0053394,0.0048003,0.011053,0.013863,0.012731,0.012188,0.012942,0.012718,0.014592,0.013883,0.015039,0.01562,0.0058254,0.0059809,0.0057211,0.0057063,0.0057764
