Metrics,LR,FT,MT,CT,SVM-L,SVM-Q,SVM-C,SVM-FG,SVM-MG,SVM-CG,SVM-K,SLRK,BOT,BAT,NNN,MNN,WNN,BNN,TNN
TestTime,0.012851,0.0097134,0.0089182,0.0081468,0.014008,0.01471,0.017912,0.01492,0.01523,0.015203,0.0238,0.024473,0.029956,0.02738,0.0084979,0.0082924,0.0079202,0.0080546,0.0082208
