Metrics,LR,FT,MT,CT,SVM-L,SVM-Q,SVM-C,SVM-FG,SVM-MG,SVM-CG,SVM-K,SLRK,BOT,BAT,NNN,MNN,WNN,BNN,TNN
RMSE,0.02704952945018572,0.002322272685178793,0.01062361161420414,0.02667510605315814,0.08343853031175354,0.06039531630592126,0.06420435847008832,0.07422960530033586,0.1903475590679516,0.9488823072096997,0.1706842983708641,0.1838418653876744,0.08426731025865379,0.02043881611837146,0.006127506732513959,0.004790774088786808,0.001770002945903393,0.006688729820388003,0.007528391297432348
MSE,0.0007316770434764644,5.392950424327522e-06,0.0001128611237294531,0.0007115612829472341,0.006961988340585415,0.003647594231692279,0.004122199646555602,0.005510034303043649,0.03623219324312733,0.9003776329356029,0.02913312971035417,0.03379783146921979,0.007100979578228217,0.000417745204320601,3.754633875700389e-05,2.295151636979107e-05,3.13291042850669e-06,4.473910661014773e-05,5.667667552725512e-05
R2,0.9997324196618048,0.9999980277534859,0.9999587257548588,0.9997397761615795,0.9974539433602655,0.9986660446616208,0.998492477541331,0.9979849349444256,0.9867495876657769,0.6707244628319191,0.9893457738354876,0.9876398538734696,0.9974031131166405,0.9998472271283511,0.9999862689937969,0.9999916064408921,0.9999988542687795,0.9999836385391834,0.9999792728716302
MAE,0.008540118097022691,0.0002213070820160151,0.001391235271867197,0.004208632867642748,0.06601179247590207,0.05347818206251426,0.05394463012255944,0.06915263232315313,0.08739699008980349,0.5568259258029951,0.07797302586368066,0.1166596930450525,0.04737963985891411,0.003761347618022536,0.00303142229457769,0.002511638394033274,0.0009879669795195786,0.003568199644735692,0.004149916882836621
MAPE,348634364724935.4,16611298560135.44,45157431475394.38,60821419676205.49,3587481212623702,3343110360320620,3253534295562374,4562213524864454,3642713873496431,9728582398557020,3785170003582526,5425989433028480,68003039437280.17,159150015822789.1,119580459467378,133111650293459,43270046656709.86,176836284436181.9,190285179780519.2
RRMSE,727816399933016.2,253994719497305.5,401852335395280.2,388286950975579.4,6869038143047640,5691970336748697,5572134923990836,7026842149817090,6614162394382158,2.049267561950701e+16,7357222488360878,1.145906507618784e+16,302725519147692.3,1538527453920771,231214035458335.2,273587260915089.6,109468516046615.2,355732059477986.5,389208657805545.4
