Metrics,LR,FT,MT,CT,SVM-L,SVM-Q,SVM-C,SVM-FG,SVM-MG,SVM-CG,SVM-K,SLRK,BOT,BAT,NNN,MNN,WNN,BNN,TNN
MSPE,5.297167120114564e+25,6.451331753251488e+24,1.614852994626408e+25,1.50766756297912e+25,4.718368501064337e+27,3.239852631442707e+27,3.104868761115836e+27,4.937651059844607e+27,4.374714417925912e+27,4.19949754046337e+28,5.412872274324302e+27,1.313101724203079e+28,9.164273994323981e+24,2.36706672646793e+26,5.345993019292828e+24,7.484998933502133e+24,1.198335600544805e+24,1.265452981404497e+25,1.514833793107941e+25
MPE,55118781320451.91,16611298560134.87,45157431475392.93,60821419676203.3,897637249567472.5,290555196298511.6,183888667277929.3,4555797855121730,2326530479452612,5927967921629196,1828521008633426,4322342208525380,62984492357062.82,159150015822787.6,74452723580785.98,47005013267079.48,-538363465412.1672,94585393187683.48,108259489585049
NRMSEAve,2.465561592741618,0.2116748962673902,0.9683410138584009,2.431432941859349,7.605412732606864,5.505026345822022,5.852220114290302,6.766020244822453,17.35015878092607,86.49051648002792,15.55785476129101,16.75716552750283,7.680955932338854,1.862995809792876,0.558521555311136,0.4366785239117488,0.1613355711231776,0.6096769771816113,0.6862120271726944
NRMSEMaxMin,0.5920228634519504,0.050826707626382,0.2325149862449585,0.5838279995797381,1.826187687603103,1.321849541389057,1.405216612642266,1.624635414222009,4.166065335000653,20.76782968175895,3.735702953868289,4.023677667650213,1.844326882158744,0.4473366705417152,0.1341104320607363,0.1048538681391185,0.03873938784339629,0.1463937104124141,0.1647710649200237
NRMSESd,1.635301391745049,0.1403948915665267,0.6422591154519185,1.612665319520994,5.044344486481823,3.651248166510246,3.881526921035315,4.487611404844289,11.50761712259498,57.3654547462607,10.31885863999697,11.11431009855906,5.094449054959153,1.235645318915687,0.3704434232787897,0.2896301597170814,0.1070069734913183,0.4043726233548959,0.4551350436230198
NRMSEIQ,2.746140649958346,0.2357633404603872,1.078537493854086,2.708128184241836,8.470902988677121,6.131494208807532,6.518198367328583,7.535988266302955,19.32459381740781,96.33307228702749,17.32832694664975,18.66411837717926,8.555042947793396,2.075003333534823,0.6220808887651276,0.4863722119163992,0.1796954379277736,0.6790577592184315,0.7643024404082446
