Metrics,LR,FT,MT,CT,SVM-L,SVM-Q,SVM-C,SVM-FG,SVM-MG,SVM-CG,SVM-K,SLRK,BOT,BAT,NNN,MNN,WNN,BNN,TNN
TrainTime,0.561214,0.140002,0.129882,0.1275,1.31214,2.02178,1.483,1.14032,0.842237,0.888357,16.9139,5.54235,1.92266,1.99425,10.4307,12.3163,35.4831,11.6881,14.0397
