InputGenerationTime,0.10903060499913408
ProfilingTime,8.026590516001306
SimulationTime,360.49722121000013
FramaCCommandExecutionTime,43.933053913999174
FramaCParsingTime,0.0680125870021584
TotalExecutionTime,412.669268337002
