Metrics,LR,FT,MT,CT,SVM-L,SVM-Q,SVM-C,SVM-FG,SVM-MG,SVM-CG,SVM-K,SLRK,BOT,BAT,NNN,MNN,WNN,BNN,TNN
RMSE,1489.9917696,451.9707317,521.82024877,692.37936683,995.80968442,793.2547242,1043.1408232,2020.9466836,976.84139714,1149.1771736,2269.9364532,1454.4672844,417.45704298,488.75463956,992.97496767,976.1890498,989.40101457,757.07034554,852.79662651
MSE,2220075.4736,204277.54232,272296.37203,479389.18762,991636.92759,629253.05747,1088142.777,4084225.4978,954219.11517,1320608.1762,5152611.5015,2115475.0815,174270.38273,238881.09769,985999.28641,952945.06094,978914.36764,573155.5081,727262.08619
R2,0.47131799334,0.95135396869,0.9351561719,0.88583972,0.76385460449,0.85015159481,0.74087299566,0.027394988353,0.7727651683,0.68551439402,-0.22702719822,0.4962272119,0.95849978222,0.94311358349,0.76519713518,0.77306856769,0.76688431614,0.86351049423,0.82681202343
MAE,837.94859837,180.69681749,234.05392004,348.21757079,401.13514746,358.62381826,457.43613874,1074.4730167,410.42645177,469.44392807,1186.595027,815.52663984,210.81485248,184.30293321,436.49384841,453.18831612,468.21497077,297.45277818,305.80010562
MAPE,322.52407829,16.842639881,20.042116099,31.302455902,66.895158138,57.912117579,71.159272416,165.72864514,59.631254749,63.447783536,281.57398179,255.60250322,53.069618349,15.415666514,35.816401587,75.906481025,66.757773972,31.411917464,29.961585201
RRMSE,990.10582243,26.348922507,30.707212892,50.43415308,182.62625543,109.59820182,155.52880182,289.48762959,109.82859104,113.10536298,732.60536572,627.51257093,126.70109726,31.531125708,70.423157244,182.21398419,111.07936039,68.35502645,65.283538261
