Metrics,LR,FT,MT,CT,SVM-L,SVM-Q,SVM-C,SVM-FG,SVM-MG,SVM-CG,SVM-K,SLRK,BOT,BAT,NNN,MNN,WNN,BNN,TNN
RMSE,12948.24297304,2611.486110724,4146.965465069,5401.327375772,11589.20012275,5928.046582142,7245.614708508,14088.20204341,10485.02225688,12769.05260163,14512.50089729,10265.70293917,1494.306435903,1758.60889474,7097.824550059,6969.951890719,5809.473783441,5220.177596796,6651.674986532
MSE,167656996.0889,6819859.706505,17197322.56847,29174337.42027,134309559.4851,35141736.28005,52498932.50415,198477436.816,109935691.7273,163048704.3432,210612682.2939,105384656.8353,2232951.724381,3092705.24466,50379113.34343,48580229.35894,33749985.64049,27250254.1421,44244780.12645
R2,0.1199203258031,0.9642005997448,0.9097263198304,0.846855532601,0.2949705881019,0.8155309439061,0.7244180410494,-0.04186501012978,0.4229160129609,0.1441105713206,-0.105566395313,0.4468057008261,0.9882785957524,0.9837655028564,0.735545580012,0.7449884381564,0.8228366423141,0.8569555977584,0.7677464550423
MAE,5767.821702233,668.6459054656,1238.360935974,1621.480677537,3216.697006347,1998.517686828,2550.474783197,4606.952650207,2757.841908032,3482.0059727,4764.384517744,4382.721408654,611.2889500133,607.2397996852,2628.027089104,2240.159277885,1862.760666761,1621.150269177,1781.301951467
MAPE,1008.485266391,260.766620222,265.1821277987,286.2485423717,172.6994224084,138.4702111028,153.2347647023,298.5817177394,112.5494106985,121.2371271869,363.6192591486,966.2447094618,347.8151350762,151.6590573737,195.2259538178,153.7669127141,151.488648375,189.2391772112,167.2901293001
RRMSE,2576.623698138,4021.016800172,4021.10279772,4025.542503514,601.2313288344,298.9956977624,374.5889579841,702.5636622419,286.0526497286,267.1355193928,980.5272390901,2678.615026674,3025.82780964,1887.915802263,908.1756764861,464.5903278814,367.4603189501,553.6444685471,462.8556601142
