Metrics,LR,FT,MT,CT,SVM-L,SVM-Q,SVM-C,SVM-FG,SVM-MG,SVM-CG,SVM-K,SLRK,BOT,BAT,NNN,MNN,WNN,BNN,TNN
MSPE,98.03095,0.06942657,0.09429329,0.2543604,3.335235,1.201177,2.418921,8.380309,1.206232,1.279282,53.67106,39.3772,1.605317,0.09942119,0.4959421,3.320194,1.233862,0.467241,0.426194
MPE,279.7221,4.03971,7.130143,13.38037,-13.97601,7.043019,11.28272,103.7195,4.583136,35.95731,211.0731,232.5296,33.82391,7.494411,14.5034,5.965419,22.48573,11.14895,13.66134
NRMSEAve,107.6989,32.66913,37.71796,50.04623,71.97863,57.33765,75.3998,146.0771,70.60758,83.06427,164.0744,105.1311,30.17443,35.32793,71.77374,70.56042,71.51541,54.72219,61.64143
NRMSEMaxMin,15.14373,4.593665,5.30359,7.037091,10.12105,8.062351,10.6021,20.54016,9.928259,11.67982,23.0708,14.78267,4.242881,4.967524,10.09223,9.921629,10.05591,7.694586,8.667513
NRMSESd,72.57525,22.01481,25.41708,33.72475,48.50438,38.63824,50.80981,98.43726,47.58047,55.97468,110.5652,70.8449,20.3337,23.8065,48.36631,47.54869,48.19223,36.87575,41.53843
NRMSEIQ,105.337,31.95269,36.89079,48.9487,70.40012,56.08022,73.74626,142.8736,69.05913,81.24264,160.4762,102.8255,29.51269,34.55317,70.19971,69.01301,69.94705,53.52212,60.28962
