Metrics,LR,FT,MT,CT,SVM-L,SVM-Q,SVM-C,SVM-FG,SVM-MG,SVM-CG,SVM-K,SLRK,BOT,BAT,NNN,MNN,WNN,BNN,TNN
TestTime,0.011783,0.007498,0.0072819,0.0066395,0.010363,0.013711,0.012075,0.012925,0.012055,0.011992,0.014679,0.012852,0.017615,0.018575,0.0075671,0.0072556,0.0073091,0.0071774,0.007102
