Metrics,LR,FT,MT,CT,SVM-L,SVM-Q,SVM-C,SVM-FG,SVM-MG,SVM-CG,SVM-K,SLRK,BOT,BAT,NNN,MNN,WNN,BNN,TNN
TestTime,0.013785,0.00784,0.0072973,0.0069866,0.013973,0.013274,0.013583,0.013836,0.015507,0.013069,0.015145,0.015542,0.017506,0.018483,0.0094043,0.0091601,0.0089277,0.009159,0.014237
