Metrics,LR,FT,MT,CT,SVM-L,SVM-Q,SVM-C,SVM-FG,SVM-MG,SVM-CG,SVM-K,SLRK,BOT,BAT,NNN,MNN,WNN,BNN,TNN
RMSE,1689.1032674,323.81734713,409.88481131,846.47450234,1019.4642984,662.52717942,954.84209771,2114.1559598,936.48703487,1109.1628388,2405.6580976,1537.7274807,363.76923099,459.92239483,814.03955131,651.47051702,414.47029627,602.88263307,639.70963166
MSE,2853069.8478,104857.67431,168005.55854,716519.08312,1039307.4556,438942.26348,911723.43155,4469655.4224,877007.96647,1230242.203,5787190.8825,2364605.8049,132328.05342,211528.60926,662660.3911,424413.83455,171785.62649,363467.46925,409228.41284
R2,0.40101679649,0.97798582263,0.96472834069,0.8495715427,0.78180425211,0.90784696584,0.80858967678,0.061625313672,0.81587795978,0.74171876079,-0.21498256933,0.50356660172,0.97221859766,0.95559096315,0.86087881998,0.91089711371,0.96393474035,0.92369240127,0.91408519287
MAE,1083.8612917,146.06066649,192.78629273,426.14253191,445.20262125,303.39557569,346.22576388,1149.782868,415.14385694,482.14042153,1381.5851114,878.23116055,187.90606745,173.29861764,357.60421093,316.61105143,212.79816512,270.32973242,278.93796033
MAPE,374.87698015,18.862461753,23.918016205,40.886323177,53.954234845,41.436384254,48.365451114,122.43326989,44.457154962,50.458682417,305.78212736,287.83455191,53.261677,15.705946243,27.010199567,24.507898758,20.263946331,22.377303182,19.17976819
RRMSE,1139.4276255,111.65546353,114.44717516,135.42437579,168.32258465,112.07610162,117.73680761,219.45762856,85.6960918,105.89480375,867.95686618,1011.8919142,196.20485416,64.411777083,50.120902302,39.801422697,36.572449814,41.637582019,34.710396248
