Metrics,LR,FT,MT,CT,SVM-L,SVM-Q,SVM-C,SVM-FG,SVM-MG,SVM-CG,SVM-K,SLRK,BOT,BAT,NNN,MNN,WNN,BNN,TNN
MSPE,129.8295,1.246694,1.309816,1.833976,2.833249,1.256105,1.386196,4.816165,0.734382,1.121371,75.33491,102.3925,3.849634,0.4148877,0.2512105,0.1584153,0.1337544,0.1733688,0.1204812
MPE,325.0022,9.803475,12.56009,24.06712,-14.42152,-7.944772,12.73871,71.56079,1.625976,26.66863,238.5471,260.0103,37.93249,9.143125,6.287884,-0.1503421,0.4730878,1.888243,3.722535
NRMSEAve,98.77083,18.93532,23.96814,49.49786,59.61349,38.74148,55.83468,123.6259,54.76137,64.85864,140.6716,89.91909,21.27152,26.8941,47.60121,38.09494,24.23628,35.25375,37.40722
NRMSEMaxMin,18.0075,3.452211,4.369774,9.024248,10.86849,7.06319,10.17955,22.53898,9.98387,11.82476,25.64667,16.39368,3.878137,4.903224,8.67846,6.945315,4.41866,6.42732,6.819932
NRMSESd,77.24445,14.8085,18.74446,38.71016,46.62116,30.29806,43.66592,96.68255,42.82653,50.72317,110.0132,70.32188,16.63555,21.03273,37.22688,29.79243,18.95416,27.57045,29.25459
NRMSEIQ,96.63062,18.52502,23.44879,48.42531,58.32176,37.90201,54.62483,120.9471,53.57477,63.45325,137.6235,87.97068,20.8106,26.31135,46.56977,37.26948,23.71112,34.48985,36.59666
