Metrics,LR,FT,MT,CT,SVM-L,SVM-Q,SVM-C,SVM-FG,SVM-MG,SVM-CG,SVM-K,SLRK,BOT,BAT,NNN,MNN,WNN,BNN,TNN
TestTime,0.013383,0.0088,0.0083894,0.0080153,0.01157,0.013049,0.013194,0.013374,0.013328,0.013074,0.015651,0.015483,0.018992,0.020679,0.0097751,0.00956,0.0096721,0.010015,0.0091342
