Metrics,LR,FT,MT,CT,SVM-L,SVM-Q,SVM-C,SVM-FG,SVM-MG,SVM-CG,SVM-K,SLRK,BOT,BAT,NNN,MNN,WNN,BNN,TNN
TestTime,0.011409,0.0069306,0.0064511,0.0065103,0.01131,0.012957,0.012682,0.016113,0.012629,0.012493,0.014254,0.012882,0.016719,0.0198,0.0086675,0.0081472,0.0087464,0.0086804,0.0080374
