InputGenerationTime,0.03132916800677776
ProfilingTime,3.718880673055537
SimulationTime,88.75088503595907
FramaCCommandExecutionTime,47.27596061490476
FramaCParsingTime,0.03874445392284542
TotalExecutionTime,139.829879308003
