InputGenerationTime,0.02456137805711478
ProfilingTime,3.508305311901495
SimulationTime,518.2893872460118
FramaCCommandExecutionTime,38.77270768699236
FramaCParsingTime,0.027474740985780954
TotalExecutionTime,560.6781429939438
