InputGenerationTime,0.02927299600560218
ProfilingTime,3.572695909999311
SimulationTime,160.22159824403934
FramaCCommandExecutionTime,39.616390057024546
FramaCParsingTime,0.03127552196383476
TotalExecutionTime,203.50879793299828
