Metrics,LR,FT,MT,CT,SVM-L,SVM-Q,SVM-C,SVM-FG,SVM-MG,SVM-CG,SVM-K,SLRK,BOT,BAT,NNN,MNN,WNN,BNN,TNN
RMSE,2.96694,0.67131,0.517228,0.487558,0.836188,0.540618,0.506113,2.2451,0.898793,2.80953,2.05365,1.25989,0.454097,0.385177,0.567385,0.577115,0.622589,0.487303,0.615432
MSE,8.80276,0.450658,0.267525,0.237713,0.699211,0.292267,0.25615,5.04049,0.807829,7.89345,4.21749,1.58731,0.206205,0.148361,0.321926,0.333062,0.387617,0.237464,0.378756
R2,0.00408772,0.949014,0.969733,0.973106,0.920894,0.966934,0.97102,0.429738,0.908605,0.106963,0.522848,0.820417,0.976671,0.983215,0.963578,0.962319,0.956146,0.973134,0.957149
MAE,1.17174,0.0947619,0.0733766,0.0830688,0.260325,0.20409,0.188534,0.77746,0.309407,0.816195,0.597015,0.590998,0.102344,0.0661232,0.126789,0.105972,0.331391,0.0735487,0.100396
MAPE,91.9036,13.109,10.0689,9.64506,31.2694,11.9956,12.4649,78.526,45.8987,93.3945,45.9549,24.1682,13.5894,8.03244,9.97501,8.58781,11.5987,11.1272,10.4199
RRMSE,92.2137,32.0338,25.6567,21.2562,45.6975,25.6732,25.2229,81.5428,58.6418,93.4712,58.717,35.3889,22.5978,18.1338,25.1371,23.8296,22.3236,26.4269,25.8586
