Metrics,LR,FT,MT,CT,SVM-L,SVM-Q,SVM-C,SVM-FG,SVM-MG,SVM-CG,SVM-K,SLRK,BOT,BAT,NNN,MNN,WNN,BNN,TNN
RMSE,3.89571,0.388534,0.426494,0.420203,1.16117,0.363608,0.311909,3.59729,1.17174,3.75356,1.72592,1.17892,0.369606,0.337798,0.43754,0.373147,0.439155,0.461356,0.70706
MSE,15.1766,0.150959,0.181898,0.176571,1.34832,0.132211,0.0972873,12.9405,1.37299,14.0892,2.97878,1.38986,0.136609,0.114108,0.191441,0.139239,0.192857,0.21285,0.499934
R2,-0.00930106,0.989961,0.987903,0.988257,0.910332,0.991207,0.99353,0.13941,0.908691,0.0630153,0.8019,0.907569,0.990915,0.992411,0.987268,0.99074,0.987174,0.985845,0.966752
MAE,1.519,0.0425397,0.0631803,0.0748503,0.480595,0.167737,0.163345,1.18005,0.428221,1.12459,0.625988,0.552992,0.089153,0.0514316,0.0961983,0.139401,0.235398,0.0804304,0.103974
MAPE,91.6329,4.00298,7.10388,8.50878,42.3518,6.62949,5.64664,88.2768,41.7997,93.9519,38.1137,20.4598,8.60976,4.62644,6.0216,4.93483,5.49179,7.95581,12.2311
RRMSE,92.1064,13.9587,17.0883,15.1097,50.3866,11.9976,9.39702,88.992,53.0744,94.038,49.9804,33.8311,13.6053,9.58427,13.8281,9.70768,9.73766,17.787,26.9155
