Metrics,LR,FT,MT,CT,SVM-L,SVM-Q,SVM-C,SVM-FG,SVM-MG,SVM-CG,SVM-K,SLRK,BOT,BAT,NNN,MNN,WNN,BNN,TNN
TestTime,0.01276,0.0083399,0.0082873,0.0082401,0.014421,0.015157,0.015567,0.016124,0.015256,0.015214,0.017368,0.026901,0.018953,0.018163,0.0099164,0.0095711,0.0097033,0.0091196,0.0090905
