Metrics,LR,FT,MT,CT,SVM-L,SVM-Q,SVM-C,SVM-FG,SVM-MG,SVM-CG,SVM-K,SLRK,BOT,BAT,NNN,MNN,WNN,BNN,TNN
TestTime,0.012386,0.008418,0.0077265,0.0070379,0.013898,0.014988,0.020215,0.022759,0.022546,0.017219,0.020679,0.020461,0.026207,0.019315,0.0098312,0.0093654,0.0085653,0.0079135,0.0082476
