InputGenerationTime,0.01444725098554045
ProfilingTime,3.6161553239799105
SimulationTime,186.2444478450052
FramaCCommandExecutionTime,39.791998781001894
FramaCParsingTime,0.043336749979062006
TotalExecutionTime,229.72599192900816
