Metrics,LR,FT,MT,CT,SVM-L,SVM-Q,SVM-C,SVM-FG,SVM-MG,SVM-CG,SVM-K,SLRK,BOT,BAT,NNN,MNN,WNN,BNN,TNN
RMSE,1475.63573,23.406421058,38.357365958,51.829185106,90.004074959,46.758942403,39.688566617,1078.5433332,163.15897513,1340.1670927,1567.7144311,267.02918277,77.581033844,28.96257644,26.673528542,11.651230744,5.6594931972,20.521445578,16.66035801
MSE,2177500.8077,547.86054676,1471.2875233,2686.2644287,8100.7335092,2186.3986947,1575.1823201,1163255.7217,26620.851166,1796047.8365,2457728.5374,71304.584452,6018.8168122,838.83083402,711.47712487,135.75117784,32.029863249,421.12972862,277.56752903
R2,0.057476946019,0.99976286062,0.99936315872,0.99883726052,0.9964936279,0.99905362553,0.99931818824,0.49648912574,0.98847726446,0.22258743327,-0.063818575292,0.96913607818,0.99739477773,0.99963691522,0.9996920398,0.99994124061,0.99998613599,0.99981771558,0.99987985594
MAE,546.38695861,5.9845610586,12.666630144,18.661937449,57.444055077,36.355000511,33.950955089,268.51245007,67.648770864,353.1461217,562.41207874,134.20880697,35.091215887,9.867826604,10.994920104,4.5005128152,1.8199391882,8.3479902519,8.2123229668
MAPE,112.51175755,3.1878626498,4.2811071779,5.3910973184,47.181756133,31.846115086,31.481063387,37.906765883,35.566495396,47.27912784,136.00979654,44.669418244,5.7189485064,3.3465587207,3.1599085209,2.1347021037,1.1229300048,2.8265823497,5.6957245881
RRMSE,218.78156168,7.6844820456,9.2892559339,11.28781191,102.3879959,70.063556567,69.42782714,71.223754016,71.810022496,85.815351363,282.99429673,72.44386996,6.8083478768,7.1496445667,5.4603899996,3.9165724237,2.4938565896,4.9922543174,15.69133779
