Metrics,LR,FT,MT,CT,SVM-L,SVM-Q,SVM-C,SVM-FG,SVM-MG,SVM-CG,SVM-K,SLRK,BOT,BAT,NNN,MNN,WNN,BNN,TNN
MSPE,4.786537,0.005905126,0.008629028,0.01274147,1.04833,0.4908902,0.4820223,0.5072823,0.5156679,0.7364275,8.008577,0.5248114,0.00463536,0.005111742,0.002981586,0.001533954,0.0006219321,0.00249226,0.02462181
MPE,49.44928,0.4713884,0.666318,0.9495024,0.400599,-8.504004,-5.940112,18.55931,-1.727893,-6.560168,66.35501,21.45545,-3.8315,0.6765604,0.113658,-0.0319398,0.01936867,0.5324373,-2.866402
NRMSEAve,217.7268,3.453566,5.659545,7.647283,13.2799,6.899179,5.855961,159.1367,24.07375,197.7387,231.3128,39.39957,11.44691,4.273365,3.935621,1.719114,0.8350458,3.027894,2.458199
NRMSEMaxMin,20.48356,0.3249087,0.5324454,0.7194501,1.249363,0.6490692,0.550924,14.97145,2.264839,18.6031,21.76172,3.706679,1.076916,0.4020347,0.37026,0.1617328,0.07856043,0.2848618,0.2312654
NRMSESd,97.05473,1.539475,2.52282,3.408882,5.9197,3.075404,2.610375,70.93738,10.73121,88.14476,103.1109,17.5629,5.102618,1.904911,1.754357,0.7663186,0.3722332,1.349726,1.095776
NRMSEIQ,257.5281,4.08489,6.69413,9.045233,15.70752,8.160374,6.926451,188.2275,28.47452,233.8861,273.5976,46.60195,13.53945,5.054551,4.655066,2.033374,0.9876951,3.581404,2.907567
