Metrics,LR,FT,MT,CT,SVM-L,SVM-Q,SVM-C,SVM-FG,SVM-MG,SVM-CG,SVM-K,SLRK,BOT,BAT,NNN,MNN,WNN,BNN,TNN
TrainTime,0.563086,0.176618,0.15397,0.151621,1.51602,2.15901,1.88531,0.973312,0.907435,0.840632,3.47045,5.43785,2.09791,2.10075,10.4574,13.4738,36.5361,12.4932,13.8292
