InputGenerationTime,0.037767501999042
ProfilingTime,3.815081166001619
SimulationTime,187.12639807900268
FramaCCommandExecutionTime,37.12463293100154
FramaCParsingTime,0.024876706000213744
TotalExecutionTime,228.19730516300115
