Metrics,LR,FT,MT,CT,SVM-L,SVM-Q,SVM-C,SVM-FG,SVM-MG,SVM-CG,SVM-K,SLRK,BOT,BAT,NNN,MNN,WNN,BNN,TNN
RMSE,10784.7220165,70.42375805253,102.8051113874,123.7452098997,887.5673449464,237.0259752546,238.7120951015,7327.107835151,1520.4070797,8649.988468311,11263.20863477,2553.952479569,534.824737989,95.12398229855,64.87089033863,39.31276157162,20.15642791242,62.25853601494,79.81803690026
MSE,116310228.9732,4959.505698241,10568.89092738,15312.87697312,787775.7918152,56181.3129454,56983.46434777,53686509.22793,2311637.688002,74822300.50191,126859868.7503,6522673.267898,286037.500365,9048.572008336,4208.232413327,1545.493222387,406.2815861887,3876.125306724,6370.919014611
R2,-0.002696453547825,0.9999572446996,0.9999088868662,0.9998679895348,0.9932086799277,0.9995156676782,0.9995087524277,0.537175080116,0.9800716503431,0.3549659731403,-0.09364362546967,0.9437688205834,0.9975341052139,0.9999219933522,0.999963721336,0.9999866764894,0.9999964974955,0.9999665843913,0.9999450770757
MAE,4623.906034996,20.99555333575,30.04420744494,39.5593259095,498.8419533261,198.7549594527,207.4406607355,2109.567937657,591.8088263395,2688.511414246,4729.959716449,1259.580427812,263.8978736221,28.01844767798,23.81736377924,17.56640074213,7.563800492489,24.83971225385,33.51077914884
MAPE,68.87784248083,0.5064269435789,0.6385691342378,0.7922892452962,8.923528241368,6.261691026243,6.382732568166,14.54200089916,9.952271432307,22.37753090568,45.27623468203,27.03109025657,4.270205746584,0.5977287981798,0.5393726156485,0.3854523097037,0.1725089403192,0.5297601997441,0.710510739484
RRMSE,82.10434018739,1.097059575256,1.387875810467,1.717003069675,12.72000067722,8.88541360582,9.01590355205,21.9815181872,16.24083086467,31.83518921641,61.86649605522,50.47555433789,4.469216537255,1.333357946254,1.107214581845,0.7207172925499,0.3993782782814,1.087925134699,1.454108325687
