Metrics,LR,FT,MT,CT,SVM-L,SVM-Q,SVM-C,SVM-FG,SVM-MG,SVM-CG,SVM-K,SLRK,BOT,BAT,NNN,MNN,WNN,BNN,TNN
RMSE,10693.00385058176,73.92755576204441,95.47547549552374,110.5945113203376,438.1508244961009,232.2941081430622,232.2942931622533,7684.048971614138,1461.919461232456,8553.197219615549,11196.04749903389,2982.667375282077,530.8100168139753,102.0021516416086,69.00962679638988,52.01853627144302,26.785268406149,64.36243885125275,64.54313062793065
MSE,114340331.3485564,5465.283500950185,9115.566421096353,12231.14593418427,191976.145006613,53960.55267798068,53960.63863575087,59044608.5981643,2137208.511130195,73157182.67763916,125351479.6006231,8896304.671572071,281759.2739500527,10404.43893951772,4762.328590577013,2705.928115823433,717.4506035894441,4142.523534881248,4165.81571125412
R2,0.004231331240656999,0.9999524038629943,0.9999206142283037,0.999893481226085,0.9983281154769087,0.999530067587946,0.9995300668393559,0.4857914910008451,0.9813874487777919,0.3628877094729834,-0.09166270988336023,0.9225237380790511,0.9975462109141825,0.9999093896773799,0.9999585257664999,0.9999764345755704,0.9999937518561998,0.9999639235333938,0.9999637206861641
MAE,4552.249109382215,20.01620984226114,28.67138067154684,36.10100640997226,334.204732591221,194.4688610972355,204.0473612222416,2223.281227812402,580.9370174945757,2651.827338258509,4673.857982755531,1600.448752134247,259.5932050290216,30.5635551890534,25.01703783040899,20.21475105415253,11.1489780442301,29.09783744412271,28.16826654226271
MAPE,2.875358475503218e+19,0.3998910945488499,0.5158726087301552,0.6118609612088028,3.864807396985241e+19,1.53705915773681e+19,1.909199327185251e+19,3.862025906583939e+19,3.439119302804549e+19,1.223070384125206e+20,2.322488559946917e+20,2.820388741905404e+19,5.923248176084536e+17,2.238292459169477e+17,6.338793478998021e+17,6.488752181181358e+17,4.2670571065421e+17,3.933795680761449e+17,2.434722814036366e+18
RRMSE,6.88671267445263e+19,0.9855307321948843,1.213739392356617,1.444658391526044,1.025666933096912e+20,3.998515098517578e+19,4.46631967686098e+19,1.45928827652045e+20,1.028984528573484e+20,3.444444181708528e+20,5.280513913065256e+20,1.103959106580292e+20,1.34670629366296e+18,3.153878801646235e+18,2.769823918303955e+18,2.364056690418268e+18,1.310302337314983e+18,1.108341382045158e+18,5.538869170997443e+18
