Metrics,LR,FT,MT,CT,SVM-L,SVM-Q,SVM-C,SVM-FG,SVM-MG,SVM-CG,SVM-K,SLRK,BOT,BAT,NNN,MNN,WNN,BNN,TNN
MSPE,4.742681146046649e+35,9.712708241005847e-05,0.0001473163312558209,0.0002087037868206618,1.051992657648425e+36,1.598812299307303e+35,1.994801145591556e+35,2.129522273990025e+36,1.058809160043596e+36,1.186419572090573e+37,2.788382718607574e+37,1.218725709001557e+36,1.813617841391426e+32,9.946951495473489e+32,7.671924538408675e+32,5.588764035511377e+32,1.716892215173107e+32,1.228420619153771e+32,3.06790716934259e+33
MPE,2.875358475503218e+19,0.009570439458965243,0.01524274637021051,0.02155445090451754,1.089113604670569e+18,4.357563084448437e+18,-1.281879432962305e+18,3.850676793829583e+19,2.470033966814036e+19,5.774780107319403e+19,2.322488559946917e+20,1.949851469431904e+19,5.923248176084536e+17,2.238292459169477e+17,2.665055330948161e+16,6.230366812357785e+16,-5.535240581016438e+16,-6.139215040939791e+16,2.434722814036366e+18
NRMSEAve,1.782578468642555,0.01232410190646499,0.01591625040820228,0.01843667105936311,0.07304198489765244,0.03872461670775695,0.03872464755140303,1.280970290499719,0.2437094562853561,1.425861751738781,1.866438419414889,0.4972259167391178,0.08848874648641462,0.01700428072525681,0.01150425797794978,0.008671756227108363,0.004465241330200698,0.01072954796320626,0.01075967020715825
NRMSEMaxMin,0.2104839150147979,0.001455209553994811,0.001879364503277897,0.002176971601912082,0.008624676676038364,0.004572538643027089,0.004572542284993765,0.1512548516124196,0.02877680920500091,0.1683633955280412,0.2203859591951871,0.0587116132294413,0.01044860471662484,0.002007837322184335,0.001358403739939173,0.001023946621618106,0.0005272483053058739,0.001266927263715065,0.001270484048421925
NRMSESd,0.9975850586860515,0.006896941783985521,0.008907217200721278,0.01031772115745116,0.0408765134732935,0.02167147180927211,0.02167148907031336,0.7168698853388271,0.1363872146598466,0.797955548273681,1.044515634469531,0.2782627267500571,0.04952099046945579,0.009516112016172289,0.006438132217995382,0.004852978198103493,0.002498884684626392,0.006004580961140414,0.006021438283849738
NRMSEIQ,2.819884981693503,0.0194956634393577,0.0251781317235031,0.02916521923004682,0.1155461035063557,0.06125899476346577,0.06125904355544654,2.026384222472083,0.3855272840802891,2.255589984075831,2.952544171686153,0.786568400654556,0.1399815445184534,0.02689930159325122,0.0181987412437737,0.01371796842601345,0.007063625634532966,0.01697321699663838,0.01702086778162728
