Metrics,LR,FT,MT,CT,SVM-L,SVM-Q,SVM-C,SVM-FG,SVM-MG,SVM-CG,SVM-K,SLRK,BOT,BAT,NNN,MNN,WNN,BNN,TNN
TrainTime,0.971282,0.234826,0.174736,0.162983,1.63372,1.72757,1.48095,0.975371,0.938631,0.896777,2.532,5.43384,2.14169,1.9926,10.0673,13.3967,39.2636,12.6314,15.7703
