Metrics,LR,FT,MT,CT,SVM-L,SVM-Q,SVM-C,SVM-FG,SVM-MG,SVM-CG,SVM-K,SLRK,BOT,BAT,NNN,MNN,WNN,BNN,TNN
TrainTime,0.581268,0.184537,0.157368,0.148306,1.38097,1.4484,1.21661,0.756275,0.770073,0.664347,2.22165,5.18277,1.89345,1.74409,9.77931,12.3053,37.0304,11.5584,12.7883
