InputGenerationTime,0.03325533200404607
ProfilingTime,3.3571061920083594
SimulationTime,138.7130181780085
FramaCCommandExecutionTime,36.63818511500722
FramaCParsingTime,0.024627943988889456
TotalExecutionTime,178.78200629798812
