Metrics,LR,FT,MT,CT,SVM-L,SVM-Q,SVM-C,SVM-FG,SVM-MG,SVM-CG,SVM-K,SLRK,BOT,BAT,NNN,MNN,WNN,BNN,TNN
RMSE,51.206143184,15.906967995,34.564336109,57.933242366,96.473602632,40.023050834,39.424479575,893.80540683,115.65436669,1145.0854371,1399.2934142,233.29113232,69.911537935,23.230517693,19.254287725,11.244056674,3.3263921659,16.571530178,10.207067135
MSE,2622.0690998,253.03163079,1194.6933306,3356.260571,9307.1560048,1601.8445981,1554.2895897,798888.10527,13375.932534,1311220.6583,1958022.059,54424.75242,4887.6231364,539.65695227,370.72759581,126.42881048,11.064884841,274.61561245,104.18421951
R2,0.9985639099,0.99986141623,0.99934567427,0.99816179803,0.99490253152,0.99912268019,0.99914872576,0.56245420872,0.99267408922,0.28185301959,-0.072395878061,0.97019191899,0.99732308077,0.99970443342,0.99979695492,0.99993075577,0.99999393983,0.99984959482,0.99994293898
MAE,26.14991666,5.0698050885,12.684157503,21.67935466,62.209870072,34.878891201,36.129339209,236.53956411,57.442865859,316.12569212,534.15237229,111.72624649,31.256880286,8.7855277191,8.6282632988,4.80602911,1.1679528991,8.017770668,5.303880967
MAPE,9.6200030657,3.6343486041,5.0405362722,6.5788712342,81.4664682,31.845883749,37.774171671,42.6398842,35.970196377,47.895858001,131.53296161,34.411319274,6.0200542613,3.1076577448,2.4819606383,2.6108790748,0.73957045397,9.3212446357,1.9200547571
RRMSE,16.481646385,8.4532239838,10.294663205,14.082850247,250.09765582,74.117066026,82.29269743,80.355769847,76.609295267,90.918216628,260.59136813,55.759327994,7.5247533452,6.2440589345,5.0885697732,5.4686589646,1.4362619963,22.92532742,4.0433983011
