Metrics,LR,FT,MT,CT,SVM-L,SVM-Q,SVM-C,SVM-FG,SVM-MG,SVM-CG,SVM-K,SLRK,BOT,BAT,NNN,MNN,WNN,BNN,TNN
MSPE,0.02716447,0.0071457,0.01059801,0.01983267,6.254884,0.5493339,0.6772088,0.645705,0.5868984,0.8266122,6.790786,0.3109103,0.005662191,0.003898827,0.002589354,0.002990623,0.0002062849,0.05255706,0.001634907
MPE,0.5419864,0.5072465,0.7282523,1.106895,11.53551,-10.97872,-3.339781,21.89716,-6.55737,-6.981324,53.51337,16.38685,-3.774274,0.4888404,0.2249254,0.1336672,0.01515259,-5.908623,-0.139381
NRMSEAve,8.235573,2.558345,5.559042,9.317504,15.51602,6.436976,6.340707,143.7523,18.60089,184.1661,225.0508,37.52062,11.24399,3.736204,3.0967,1.808401,0.5349894,2.665228,1.64162
NRMSEMaxMin,0.8037379,0.2496777,0.5425261,0.9093273,1.514262,0.6282067,0.6188115,14.02928,1.815325,17.9734,21.96348,3.661766,1.09734,0.3646291,0.3022177,0.1764881,0.05221146,0.2601088,0.1602114
NRMSESd,3.78845,1.176866,2.557218,4.28615,7.137531,2.961077,2.916792,66.12755,8.556606,84.71833,103.5257,17.25988,5.172355,1.718693,1.424515,0.8318835,0.2461007,1.226033,0.7551626
NRMSEIQ,8.192983,2.545115,5.530294,9.269319,15.43578,6.403688,6.307917,143.0089,18.5047,183.2137,223.8869,37.32658,11.18585,3.716883,3.080686,1.799049,0.5322227,2.651445,1.633131
