Metrics,LR,FT,MT,CT,SVM-L,SVM-Q,SVM-C,SVM-FG,SVM-MG,SVM-CG,SVM-K,SLRK,BOT,BAT,NNN,MNN,WNN,BNN,TNN
TrainTime,0.599564,0.200923,0.210515,0.173273,1.55247,2.02219,1.70509,0.992905,0.886125,0.790207,3.35904,5.79358,2.88307,2.96492,11.5595,13.573,38.0411,12.2567,14.124
