InputGenerationTime,0.08830377098638564
ProfilingTime,3.9171618479304016
SimulationTime,226.28254590497818
FramaCCommandExecutionTime,44.27384746703319
FramaCParsingTime,0.053401896031573415
TotalExecutionTime,274.63224215095397
