Metrics,LR,FT,MT,CT,SVM-L,SVM-Q,SVM-C,SVM-FG,SVM-MG,SVM-CG,SVM-K,SLRK,BOT,BAT,NNN,MNN,WNN,BNN,TNN
RMSE,1471.596231,253.44386577,629.71841628,822.44169542,861.01710403,857.03532832,929.33143133,1994.1848525,1028.4136347,1036.4816696,2276.3710244,1444.3332588,407.28913228,473.35275193,619.88690018,602.95252055,622.77050272,717.09681241,436.67163291
MSE,2165595.4671,64233.793097,396545.2838,676410.34236,741350.45344,734509.55399,863656.90927,3976773.2258,1057634.6041,1074294.2515,5181865.0409,2086098.5626,165884.43727,224062.82776,384259.76902,363551.74204,387843.09906,514227.83837,190682.11499
R2,0.49464938509,0.98501078002,0.90746452601,0.84215686279,0.82700282061,0.82859917265,0.79846210578,0.072003601052,0.75319661236,0.74930901507,-0.20920953367,0.51320031493,0.96129018385,0.947714017,0.91033140145,0.91516370477,0.90949521664,0.88000281757,0.9555035437
MAE,973.68061504,106.33174729,287.62301188,407.23104182,412.34485463,434.4203581,441.24239064,1010.2671858,490.43541804,518.40928937,1232.8975284,784.73255253,229.08768985,226.06947875,292.3299969,286.48761884,366.65423053,307.85013731,211.34013569
MAPE,308.51337236,13.962283713,22.650271347,38.182394122,70.542605327,55.730598227,53.112680583,123.31902031,57.81513504,68.174099671,326.03812267,238.01122544,55.494590205,18.474370995,28.383175755,26.343915934,46.094474029,26.263767629,20.651860268
RRMSE,729.48630758,29.769028192,47.651691351,100.75075219,223.94657919,103.53685574,95.473882863,205.59331089,98.128293715,129.52719263,776.2197166,1030.5632623,184.88265067,42.171154141,52.448514607,48.215252946,86.208602299,55.138155435,34.814660108
