Metrics,LR,FT,MT,CT,SVM-L,SVM-Q,SVM-C,SVM-FG,SVM-MG,SVM-CG,SVM-K,SLRK,BOT,BAT,NNN,MNN,WNN,BNN,TNN
RMSE,17920.65216186,8853.866435293,5077.076022447,11431.5712166,18355.94118698,9494.636134052,6669.455253806,21614.52131383,18123.91627652,19657.55917938,21887.01472871,18160.89541202,3228.458501186,6054.977697901,6252.780889476,8241.182582711,6660.304168233,6801.189865154,6423.524645642
MSE,321149773.9064,78390950.85401,25776700.9377,130680820.4803,336940576.8599,90148115.31804,44481633.38251,467187531.626,328476341.1982,386419632.8907,479041413.7349,329818122.1663,10422944.29388,36662754.92207,39097268.8518,67917090.36158,44359651.61338,46256183.58187,41261668.87317
R2,0.2734924613975,0.822663375842,0.9416877448682,0.7043728224533,0.2377703830451,0.7960662261327,0.8993732999134,-0.05687530007827,0.2569182433782,0.1258384742287,-0.08369124520274,0.2538828559432,0.9764211336292,0.9170612281216,0.9115538516061,0.8463574252367,0.8996492480288,0.8953588985275,0.9066575288936
MAE,9103.058430889,1941.168566656,1579.494925592,3123.356951656,4869.661904477,2522.949028915,2105.628126092,6217.02061288,4411.949524675,5026.061330644,6417.713405224,6800.785216799,1142.145394084,1413.582848723,2118.832952134,2455.166565677,2304.684565497,1479.613438527,1698.043733917
MAPE,1751.361735502,32.87280911983,39.48532754386,56.0313255307,143.9718492802,84.02107107156,95.92180999994,210.3543347973,93.96018443525,92.05401101564,349.7787996326,1570.832484295,180.5153661572,33.90308153073,139.2164473693,140.2282662185,119.1675264807,40.21511274554,51.12383217753
RRMSE,4021.342156202,75.6283678468,109.0241328933,116.7743419969,734.0715105751,162.2997357219,202.6280299039,520.3041254366,248.9322562725,291.8543868919,891.2980666263,9742.589606347,517.5731328126,86.0515688535,309.941822602,369.5179169244,290.4958527813,58.85015059215,81.23733311299
