Metrics,LR,FT,MT,CT,SVM-L,SVM-Q,SVM-C,SVM-FG,SVM-MG,SVM-CG,SVM-K,SLRK,BOT,BAT,NNN,MNN,WNN,BNN,TNN
MSPE,1617.1193,0.571965,1.1886262,1.3636247,53.886098,2.6341204,4.1058119,27.071638,6.1967268,8.5178983,79.441224,9491.8052,26.788195,0.74048725,9.6063933,13.654349,8.438784,0.34633402,0.65995043
MPE,1736.8283,15.747418,21.878889,35.618262,55.423994,32.10398,40.038642,127.20171,6.3740154,47.913598,279.94683,1459.7522,157.32387,25.252586,46.050021,6.8069613,25.842958,-2.8061893,-3.3465366
NRMSEAve,266.15423,131.49599,75.403798,169.77959,272.61906,141.01259,99.053521,321.01489,269.17307,291.95045,325.06191,269.72227,47.948471,89.927414,92.86515,122.39653,98.917611,101.01002,95.401005
NRMSEMaxMin,8.4343594,4.1670745,2.3895271,5.3802719,8.6392283,4.4686529,3.1389808,10.17288,8.5300257,9.2518351,10.301129,8.54743,1.5194748,2.8497768,2.9428729,3.8787146,3.1346738,3.2009817,3.0232335
NRMSESd,85.087818,42.038435,24.106116,54.277458,87.154584,45.08083,31.666782,102.62642,86.052922,93.334707,103.92023,86.2285,15.328822,28.749224,29.688399,39.129393,31.623333,32.292262,30.499096
NRMSEIQ,851.84324,420.86115,241.33457,543.39019,872.53434,451.3196,317.02699,1027.4282,861.50523,934.40567,1040.381,863.263,153.46208,287.81831,297.22072,391.73773,316.592,323.28888,305.33688
