Metrics,LR,FT,MT,CT,SVM-L,SVM-Q,SVM-C,SVM-FG,SVM-MG,SVM-CG,SVM-K,SLRK,BOT,BAT,NNN,MNN,WNN,BNN,TNN
MSPE,53.21503,0.0886195,0.2270684,1.015071,5.015207,1.071988,0.9115262,4.226861,0.9629162,1.677729,60.2517,106.2061,3.418159,0.1778406,0.2750847,0.2324711,0.7431923,0.3040216,0.1212061
MPE,261.7719,5.247136,8.56527,17.40284,-36.32294,-2.430683,2.518844,55.61496,-0.7209814,37.17213,259.0544,215.3057,37.96837,9.202418,-5.003663,-5.563249,3.446938,8.450536,5.238218
NRMSEAve,99.0864,17.06503,42.40058,55.37714,57.97452,57.70641,62.5743,134.2736,69.24576,69.789,153.274,97.25071,27.42384,31.87207,41.73859,40.59836,41.93276,48.28399,29.40224
NRMSEMaxMin,14.88716,2.563924,6.370444,8.320098,8.71034,8.670059,9.401431,20.17385,10.40378,10.4854,23.02854,14.61136,4.120274,4.788596,6.270985,6.099671,6.300157,7.254394,4.417518
NRMSESd,70.9517,12.21957,30.36131,39.65329,41.51317,41.3212,44.80689,96.14785,49.58405,49.97304,109.7532,69.63724,19.63708,22.82228,29.8873,29.07082,30.02633,34.57418,21.05373
NRMSEIQ,106.7147,18.37882,45.66486,59.64044,62.43779,62.14904,67.39169,144.6109,74.57677,75.16183,165.074,104.7377,29.53511,34.3258,44.95191,43.7239,45.16102,52.00122,31.66582
