Metrics,LR,FT,MT,CT,SVM-L,SVM-Q,SVM-C,SVM-FG,SVM-MG,SVM-CG,SVM-K,SLRK,BOT,BAT,NNN,MNN,WNN,BNN,TNN
TestTime,0.011853,0.0077324,0.0068542,0.0073096,0.011942,0.012804,0.013832,0.013232,0.013322,0.013513,0.014849,0.014994,0.016779,0.01858,0.0083594,0.0084362,0.0079823,0.0088456,0.0084195
