Metrics,LR,FT,MT,CT,SVM-L,SVM-Q,SVM-C,SVM-FG,SVM-MG,SVM-CG,SVM-K,SLRK,BOT,BAT,NNN,MNN,WNN,BNN,TNN
TestTime,0.015827,0.0079161,0.0074523,0.0069668,0.016422,0.011716,0.012314,0.012833,0.012917,0.012045,0.015541,0.013605,0.017503,0.019676,0.0080369,0.0077712,0.0078631,0.007896,0.0076195
