feature,avg
PointerDereferencing,0.21660663138400282
ARRAY_INPUT,0.3207993266852427
