feature,avg
Column1,0.34171122747756477
DistinctOperands,0.05480179107978318
PointerDereferencing,0.24527877503327383
ARRAY_INPUT,0.2824826445312588
