feature,avg
Column1,0.48077480802228684
DifficultyLevel,0.05144245339166524
DistinctOperands,0.07032713113924782
DecisionPoint,0.1030467784605323
If,0.13143903575110233
Goto,0.059174048549394086
FunctionCall,0.056568060134619534
PointerDereferencing,0.2946864183238248
CyclomaticComplexity,0.19892173759524465
SemanticallyReachedFunctions,0.05354728189431537
ARRAY_INPUT,0.33905441901152056
SS_VAL_1,0.050112248330674444
