feature,avg
PointerDereferencing,0.23012326175172737
ARRAY_INPUT,0.2815485610491364
