feature,avg
PointerDereferencing,0.30302819113424767
ARRAY_INPUT,0.4128044945081108
