feature,avg
PointerDereferencing,0.3584886512053589
ARRAY_INPUT,0.33968014607760494
