feature,avg
Column1,0.3653232247145596
DecisionPoint,0.17246639595010102
If,0.183006461420961
Goto,0.11335234286072866
PointerDereferencing,0.40489798915925457
CyclomaticComplexity,0.2036477498204663
ARRAY_INPUT,0.4954599868407028
cInstr,0.07468037733422687
SS_VAL_1,0.058917235730333105
