feature,avg
Column1,0.29458774024264817
Goto,0.09411428618415679
PointerDereferencing,0.3348227337114729
ARRAY_INPUT,0.4128552656512229
cInstr,0.051496153674203723
