feature,avg
Column1,0.404022812490249
DifficultyLevel,0.0926689125708325
DistinctOperands,0.054184138317176445
DecisionPoint,0.1843719324073412
If,0.16392507798132966
Goto,0.08966818114023592
PointerDereferencing,0.19055576745631328
CyclomaticComplexity,0.2072466477086508
ARRAY_INPUT,0.19916247629974787
SS_VAL_1,0.08605486555578526
V_VAL_4,0.05672685209444058
