feature,avg
Column1,0.41750332163147563
DifficultyLevel,0.10015699859863333
DistinctOperands,0.05403863760045482
DecisionPoint,0.18209315582214175
If,0.16363512394730464
Goto,0.10485468779270654
PointerDereferencing,0.17137096630446572
CyclomaticComplexity,0.19114996584491198
ARRAY_INPUT,0.2370122803275581
SS_VAL_1,0.08890453167771621
