feature,avg
PointerDereferencing,0.1295895135466587
ARRAY_INPUT,0.1655185607010069
