feature,avg
Column1,0.30490206204189463
DifficultyLevel,0.07208443869004086
Goto,0.071926107813352
PointerDereferencing,0.15828946487757672
ARRAY_INPUT,0.165924718322275
SS_VAL_1,0.06333348098732412
