feature,avg
Column1,0.276809324156838
DifficultyLevel,0.1411981105413505
Total_Operands,0.053818571173589194
DecisionPoint,0.19988655143205902
If,0.12647239521054549
Goto,0.12100566816010236
ExitPoint,0.05399951842850357
Function.1,0.05072969220379743
PointerDereferencing,0.38071859579368217
CyclomaticComplexity,0.14894150158820624
ARRAY_INPUT,0.3154516411994511
SS_VAL_1,0.08176060790031582
M_VAL_1,0.05196166839283889
