feature,avg
Column1,0.22680009425004846
DifficultyLevel,0.11610815948215654
Goto,0.09906542371112395
PointerDereferencing,0.3170612788671911
ARRAY_INPUT,0.2628502695846954
SS_VAL_1,0.05061329443106546
