feature,avg
PointerDereferencing,0.29953385985066505
ARRAY_INPUT,0.26279118219491643
