InputGenerationTime,0.02987593796569854
ProfilingTime,3.7905536519829184
SimulationTime,196.63746423501289
FramaCCommandExecutionTime,38.85829826898407
FramaCParsingTime,0.025771991000510752
TotalExecutionTime,239.35643103398615
