Metrics,LR,FT,MT,CT,SVM-L,SVM-Q,SVM-C,SVM-FG,SVM-MG,SVM-CG,SVM-K,SLRK,BOT,BAT,NNN,MNN,WNN,BNN,TNN
RMSE,12.67851,0.6031662,0.7462241,1.805074,2.201586,1.146215,0.9046568,5.524727,1.68195,5.716407,7.211154,2.033315,0.8381159,0.649958,0.62864,0.4060101,0.2065963,0.2928615,0.1627818
MSE,160.7445,0.3638095,0.5568505,3.258292,4.846982,1.313808,0.8184039,30.5226,2.828955,32.67731,52.00074,4.134372,0.7024382,0.4224454,0.3951883,0.1648442,0.04268203,0.08576786,0.02649792
R2,-1.068136,0.9953192,0.9928356,0.9580789,0.9376388,0.9830966,0.9894704,0.6072968,0.9636027,0.5795744,0.3309595,0.9468073,0.9909624,0.9945648,0.9949155,0.9978791,0.9994509,0.9988965,0.9996591
MAE,9.935686,0.07190476,0.1392126,0.5431444,1.078956,0.6035322,0.5246735,1.736524,0.8437427,2.744778,2.930539,1.257333,0.5901509,0.1499373,0.2357024,0.1118143,0.0741824,0.1214453,0.06190223
MAPE,82.51545,0.5848214,1.305118,4.042871,9.512976,5.693001,5.030913,8.328927,7.041613,17.19611,16.12039,10.56382,4.748533,1.188383,2.106186,0.8920401,0.6345673,0.9708573,0.393807
RRMSE,90.90907,4.559054,7.835874,13.61427,16.9804,8.680338,6.769331,13.41716,11.32976,25.53233,22.81697,15.87997,6.29966,5.61457,5.002011,2.150639,1.139411,1.935927,1.046446
