Metrics,LR,FT,MT,CT,SVM-L,SVM-Q,SVM-C,SVM-FG,SVM-MG,SVM-CG,SVM-K,SLRK,BOT,BAT,NNN,MNN,WNN,BNN,TNN
MSPE,0.826446,0.002078497,0.006140093,0.01853483,0.02883339,0.007534828,0.004582385,0.01800202,0.01283635,0.06518998,0.05206142,0.02521736,0.003968572,0.00315234,0.002502012,0.0004625249,0.0001298257,0.0003747812,0.0001095049
MPE,-57.04056,0.1949405,0.4350394,1.407148,2.625994,0.725637,0.1661935,1.349615,1.401692,0.04229489,1.157568,4.598997,-3.957184,0.501595,0.1824588,0.04990021,-0.006161974,-0.03025842,0.01824569
NRMSEAve,103.4377,4.920937,6.088076,14.72671,17.96166,9.351402,7.38065,45.07353,13.7222,46.63735,58.83226,16.58882,6.837775,5.302687,5.128765,3.312437,1.685518,2.389313,1.328057
NRMSEMaxMin,31.69627,1.507916,1.86556,4.512685,5.503966,2.865537,2.261642,13.81182,4.204875,14.29102,18.02789,5.083289,2.09529,1.624895,1.5716,1.015025,0.5164908,0.7321538,0.4069545
NRMSESd,143.7673,6.839576,8.461774,20.46855,24.96479,12.99745,10.25831,62.64738,19.07239,64.82093,81.77055,23.05669,9.503776,7.370168,7.128435,4.603933,2.342689,3.32089,1.845857
NRMSEIQ,158.4813,7.539578,9.327802,22.56342,27.51983,14.32768,11.30821,69.05908,21.02437,71.45509,90.13943,25.41644,10.47645,8.124475,7.858,5.075127,2.582454,3.660769,2.034773
