Metrics,LR,FT,MT,CT,SVM-L,SVM-Q,SVM-C,SVM-FG,SVM-MG,SVM-CG,SVM-K,SLRK,BOT,BAT,NNN,MNN,WNN,BNN,TNN
TrainTime,0.573662,0.164384,0.190748,0.152005,2.05314,2.02666,2.01158,1.11469,1.03442,0.963611,10.3757,5.72432,2.16195,1.95477,10.4472,13.3177,37.0958,11.1975,11.5506
