Metrics,LR,FT,MT,CT,SVM-L,SVM-Q,SVM-C,SVM-FG,SVM-MG,SVM-CG,SVM-K,SLRK,BOT,BAT,NNN,MNN,WNN,BNN,TNN
RMSE,148.2642747324,52.72340946718,91.656467792,156.7180088982,4682.372038857,223.9563429812,204.4193473186,10943.25142372,2274.363872152,11466.31327313,13613.0534096,2094.185156679,642.2886835465,109.9638289313,51.02024706614,15.75245084764,5.311907594816,57.52749804804,50.08214002136
MSE,21982.29516194,2779.757905844,8400.908088106,24560.53431302,21924607.91027,50156.44356153,41787.26955816,119754751.7227,5172731.022948,131476340.0776,185315223.1326,4385611.470456,412534.7530119,12092.04367322,2603.06561069,248.1397077073,28.21636229587,3309.413031668,2508.220749119
R2,0.9998713529067,0.9999837320092,0.9999508353246,0.9998562642651,0.8716905100685,0.9997064692004,0.9997554481583,0.2991586817286,0.9697276009759,0.230560372963,-0.08452118523609,0.9743340645764,0.9975857208505,0.9999292336738,0.9999847660664,0.9999985478108,0.9999998348692,0.999980632306,0.9999853211275
MAE,68.54266844637,21.77873239745,37.44776062795,64.93113466533,1385.232871984,200.6416382711,184.0227809348,3049.060495634,696.5342652035,3189.858308016,5377.159546071,1050.281837981,309.1494208588,38.82585187284,30.97740493905,9.015950939734,2.834803618908,31.16062549064,27.63594643316
MAPE,1.260490801076,0.5016646243253,0.6986526283794,1.028971049765,13.27375637755,5.789219849244,5.68923929562,16.36871969375,8.359055441166,19.56418785725,49.79697608774,20.01448625675,4.272309335259,0.6551684548616,0.4816262384026,0.2065257670085,0.09021633594952,0.6258403267349,0.4946747574964
RRMSE,2.022317196861,0.8664349259909,1.221490442442,1.882767129228,24.21201136022,8.273185318383,8.26332348651,24.7726795733,11.41229171713,27.91196352538,72.23855578404,32.94409987237,4.441236736031,1.182476530688,0.8174116817526,0.332448638704,0.167413594968,0.9873498361458,0.8020608797723
