Metrics,LR,FT,MT,CT,SVM-L,SVM-Q,SVM-C,SVM-FG,SVM-MG,SVM-CG,SVM-K,SLRK,BOT,BAT,NNN,MNN,WNN,BNN,TNN
RMSE,142.941691018,66.45856564795,93.58242708192,145.0327629635,1516.302451426,203.394177055,202.4760007912,10739.94534434,2494.377679785,11527.77070581,13605.73027405,2818.654507289,640.3595130115,127.266634048,58.41988009668,9.504117122139,7.039569963721,41.26665136413,50.27283411575
MSE,20432.32703109,4416.740947983,8757.670658543,21034.50233282,2299173.1242,41369.19125989,40996.5308964,115346425.9994,6221920.009407,132889497.4456,185115896.2903,7944813.231462,410060.3059043,16196.7961419,3412.882390511,90.32824227134,49.55554527413,1702.936514809,2527.357850029
R2,0.9998805135983,0.9999741712982,0.9999487859336,0.9998769921316,0.9865546433848,0.9997580767087,0.9997602559929,0.3254645265624,0.9636147741651,0.2228742304087,-0.0825410294522,0.9535394503295,0.9976020043952,0.9999052826001,0.9999800417723,0.9999994717686,0.9999997102037,0.9999900413812,0.9999852202397
MAE,62.23603361668,26.27984740799,33.6900666012,58.37186032052,727.1871126674,182.3747077794,181.0623800091,2986.697143577,709.3022774653,3199.459836294,5338.832737223,1469.423141882,306.0965779145,42.24205054656,28.72660198877,4.601024468118,2.877592063739,23.45935409256,22.54620176429
MAPE,1.122195841237,0.5347198624892,0.6283933443013,0.9380166808733,14.90861429124,4.847620672796,5.710413075655,16.25792466558,8.429960801648,19.70576755925,49.96161665425,29.00451500732,4.278456478553,0.8176552158204,0.5377906492409,0.1397099544264,0.0784017617502,0.439639677912,0.4197840083405
RRMSE,1.891044243979,0.9972979680465,1.247919358849,1.804214025793,35.85597386883,6.306583584848,8.322238825185,24.50120260429,11.71234805754,28.26666665148,72.92995805206,40.61485647041,4.443072872633,4.026123631997,0.883745569075,0.2750429868525,0.1635811598822,0.7630540269874,0.8086376321972
