Metrics,LR,FT,MT,CT,SVM-L,SVM-Q,SVM-C,SVM-FG,SVM-MG,SVM-CG,SVM-K,SLRK,BOT,BAT,NNN,MNN,WNN,BNN,TNN
MSPE,0.0003576048,9.946032e-05,0.0001557303,0.0003255188,0.1285651,0.0039773,0.006925966,0.06003089,0.01371791,0.07990044,0.5318779,0.1649567,0.00197409,0.001620967,7.810062e-05,7.564864e-06,2.67588e-06,5.822514e-05,6.538948e-05
MPE,0.01871477,0.008383381,0.01289814,0.02705201,4.284213,-0.3129192,1.740887,-3.4056,0.09612817,-1.403223,-3.744589,14.82292,-3.572898,0.1619311,0.01180131,0.001081304,-0.001657712,-0.004988076,-0.01408108
NRMSEAve,2.028836,0.9432765,1.328258,2.058516,21.52157,2.886865,2.873833,152.4369,35.40383,163.6189,193.1123,40.00644,9.088912,1.806353,0.8291798,0.1348962,0.0999158,0.5857162,0.7135451
NRMSEMaxMin,0.2250129,0.1046163,0.1473136,0.2283046,2.386901,0.3201747,0.3187293,16.90638,3.926546,18.14654,21.41758,4.437009,1.008027,0.2003379,0.09196216,0.01496099,0.0110814,0.06496025,0.07913741
NRMSESd,1.092773,0.5080682,0.715427,1.108759,11.59196,1.554925,1.547906,82.10566,19.06923,88.1285,104.0143,21.54829,4.895476,0.972939,0.4466133,0.0726579,0.05381671,0.3154789,0.3843301
NRMSEIQ,4.086968,1.900173,2.675695,4.146755,43.35389,5.815416,5.789164,307.0749,71.31888,329.6003,389.013,80.59055,18.30906,3.638789,1.670333,0.2717403,0.2012743,1.17989,1.437393
