Metrics,LR,FT,MT,CT,SVM-L,SVM-Q,SVM-C,SVM-FG,SVM-MG,SVM-CG,SVM-K,SLRK,BOT,BAT,NNN,MNN,WNN,BNN,TNN
TrainTime,0.567326,0.14878,0.164105,0.134721,1.12678,1.73874,1.52724,0.848243,0.787129,0.749545,2.37338,5.16141,1.86562,1.75517,10.2284,13.0687,35.9006,11.6165,13.2274
