Metrics,LR,FT,MT,CT,SVM-L,SVM-Q,SVM-C,SVM-FG,SVM-MG,SVM-CG,SVM-K,SLRK,BOT,BAT,NNN,MNN,WNN,BNN,TNN
TrainTime,0.578841,0.243405,0.180937,0.149789,1.40034,2.28698,1.75133,0.933649,0.92053,0.84665,2.38962,5.84988,2.12687,2.0705,10.7228,14.6571,41.2144,14.3103,15.2869
