InputGenerationTime,0.05316876800497994
ProfilingTime,3.6969894799985923
SimulationTime,177.4063450160029
FramaCCommandExecutionTime,42.55131592499674
FramaCParsingTime,0.06185977399582043
TotalExecutionTime,223.8064756950189
