InputGenerationTime,0.03591542993672192
ProfilingTime,3.4904572310624644
SimulationTime,137.25812530098483
FramaCCommandExecutionTime,39.263141568982974
FramaCParsingTime,0.026449655066244304
TotalExecutionTime,180.08839709695894
