InputGenerationTime,0.06252052600029856
ProfilingTime,4.292114824002056
SimulationTime,292.6790994660005
FramaCCommandExecutionTime,45.61774184599926
FramaCParsingTime,0.061637055998289725
TotalExecutionTime,342.7704994839987
