Metrics,LR,FT,MT,CT,SVM-L,SVM-Q,SVM-C,SVM-FG,SVM-MG,SVM-CG,SVM-K,SLRK,BOT,BAT,NNN,MNN,WNN,BNN,TNN
RMSE,1.810955294607866,2.041635320438035e-10,2.041635320438035e-10,2.041635320438035e-10,0.9032742076003341,0.4094097022057733,0.52038356781859,0.9393141599640871,0.8904979825967629,1.546181621447082,0.5905668489525961,0.5078870870843902,0.07683951289795549,0.05123189610652376,0.0029518287130951,0.002018633812223061,0.07922084375561604,0.08635612777960505,0.146390368263218
MSE,3.279559079068262,4.168274781660118e-20,4.168274781660118e-20,4.168274781660118e-20,0.8159042941160113,0.16761630426022,0.270799057655605,0.8823110911090385,0.7929866570089048,2.390677606500728,0.3487692030817985,0.2579492932270669,0.005904310742395067,0.002624707178669644,8.713292751452674e-06,4.074882467850207e-06,0.00627594208535173,0.007457380805087475,0.02143013992024059
R2,-0.2446225980946419,1,1,1,0.6903568748553386,0.9363880829521002,0.8972292864452208,0.6651548894018285,0.6990543272721862,0.0927160322249887,0.8676389047400873,0.9021058893062661,0.997759260193524,0.999003899673952,0.9999966932258878,0.9999984535449181,0.9976182227075534,0.9971698559322048,0.9918670663397108
MAE,0.8397361133943774,8.334832450776781e-11,8.334832450776781e-11,8.334832450776781e-11,0.3488156177344187,0.1655962941363172,0.1914667615311559,0.2526850858694361,0.2900058879882694,0.6727562172134894,0.2241114986854249,0.2484575863860408,0.03419385320936158,0.01117087652609364,0.0006315093869000191,0.0006456226013591452,0.03828380560966702,0.01022042276486278,0.02332846099708255
MAPE,1.284210733882503e+16,165.6406107738062,165.6406107738062,165.6406107738062,8996381379906092,9105253844121226,7860192835847936,6055471163879827,6356598415978726,2564357140601733,2.379587641488448e+16,2.195491306193483e+16,161.8285296932192,173146654109613.7,31344390178692.54,25189555200220.58,3768818740595015,22149417809468.82,11902356790238.91
RRMSE,4.065559671548135e+16,441.7313597036023,441.7313597036023,441.7313597036023,2.63646013247137e+16,2.158287451999542e+16,1.845592131758543e+16,1.425273890841977e+16,2.542192453073657e+16,6858418605450855,6.605383983069569e+16,5.941548035238485e+16,421.6619229656164,1077020812090847,145076227871812.5,96635481053133.11,1.000264654720269e+16,68817530447374.73,122933931936437.2
