Metrics,LR,FT,MT,CT,SVM-L,SVM-Q,SVM-C,SVM-FG,SVM-MG,SVM-CG,SVM-K,SLRK,BOT,BAT,NNN,MNN,WNN,BNN,TNN
MSPE,1.652877544291858e+29,19.51265941455932,19.51265941455932,19.51265941455932,6.950922030110955e+28,4.658204725458674e+28,3.406210316809043e+28,2.031405663915827e+28,6.462742468464657e+28,4.703790576759444e+27,4.363109756379201e+29,3.53019930550463e+29,17.77987772790614,1.159973829676827e+26,2.104711189351407e+24,9.338416198370447e+23,1.00052937948266e+28,4.735852496875348e+23,1.511275162135258e+24
MPE,1.284018418813478e+16,142.0336248275051,142.0336248275051,142.0336248275051,982124216175233,1742671641759426,3300281231455370,6048540411528899,4122412324563840,805395535775816.4,8748933006478508,1.186320658757354e+16,131.77353912952,173146654109592.5,27065046331606.29,5379308787433.652,-389598988167939.4,14064642503984.35,4732468582718.876
NRMSEAve,224.5096276422005,2.531077310066674e-08,2.531077310066674e-08,2.531077310066674e-08,111.9816467093223,50.75576413675381,64.51353127818065,116.4496290551708,110.3977392949508,191.6848312776624,73.214365783052,62.96430461045077,9.526027771250712,6.351373748720915,0.3659471701006495,0.2502561641789666,9.821248589643151,10.70583141955447,18.14845853292933
NRMSEMaxMin,41.27063115361377,4.652769646543555e-09,4.652769646543555e-09,4.652769646543555e-09,20.58510045137158,9.330211994053681,11.85924266037335,21.40643026841731,20.29393762077717,35.23659119871122,13.45867933197773,11.57445504102404,1.751128370908541,1.167545490387403,0.06727048117064277,0.04600350530271412,1.805397533584093,1.968006558780427,3.336152422438003
NRMSESd,111.42976312262,1.256237196006796e-08,1.256237196006796e-08,1.256237196006796e-08,55.57930186756602,25.19135965019508,32.01968478602635,57.79687364683686,54.79316886362707,95.13799282367363,36.3381273313593,31.25076470709101,4.728006674803477,3.152346203393588,0.1816287653583178,0.1242084154131665,4.874532176661964,5.313572837120605,9.007535474549448
NRMSEIQ,854.9178121669753,9.638174981948694e-08,9.638174981948694e-08,9.638174981948694e-08,426.4187037901171,193.2745926593854,245.6632599444961,443.4324850342826,420.3872891216665,729.9231587638686,278.7954622337727,239.7639072653444,36.27448366632409,24.18561113185241,1.393502618648221,0.9529589203281283,37.39866501576912,40.76709792250166,69.10812968743538
