Metrics,LR,FT,MT,CT,SVM-L,SVM-Q,SVM-C,SVM-FG,SVM-MG,SVM-CG,SVM-K,SLRK,BOT,BAT,NNN,MNN,WNN,BNN,TNN
TestTime,0.010135,0.0063123,0.0059258,0.0049776,0.010484,0.012056,0.012236,0.013276,0.013542,0.012967,0.015756,0.015671,0.016305,0.027914,0.0072595,0.0068172,0.0068,0.0070463,0.0070287
