Metrics,LR,FT,MT,CT,SVM-L,SVM-Q,SVM-C,SVM-FG,SVM-MG,SVM-CG,SVM-K,SLRK,BOT,BAT,NNN,MNN,WNN,BNN,TNN
TestTime,0.013987,0.0088839,0.0086607,0.0080587,0.014332,0.016374,0.014448,0.01523,0.016022,0.015911,0.018485,0.017542,0.01716,0.017029,0.0086452,0.0083916,0.0084015,0.0083784,0.0081663
