InputGenerationTime,0.01257911100401543
ProfilingTime,3.599583036004333
SimulationTime,151.8419493759866
FramaCCommandExecutionTime,36.51876544801053
FramaCParsingTime,0.03602816499187611
TotalExecutionTime,192.0254962350009
