InputGenerationTime,0.0781619370682165
ProfilingTime,4.486476810998283
SimulationTime,309.6992073850706
FramaCCommandExecutionTime,50.450584155041724
FramaCParsingTime,0.07977894600480795
TotalExecutionTime,364.8128045940539
