Metrics,LR,FT,MT,CT,SVM-L,SVM-Q,SVM-C,SVM-FG,SVM-MG,SVM-CG,SVM-K,SLRK,BOT,BAT,NNN,MNN,WNN,BNN,TNN
RMSE,12.94713,0.6094494,0.847319,1.117954,1.399837,0.94374,0.7714789,4.158896,1.159369,5.114406,6.169711,1.705593,0.8560815,0.6576266,0.405526,0.2295721,0.07455458,0.6393738,0.1013939
MSE,167.6281,0.3714286,0.7179496,1.24982,1.959545,0.8906452,0.5951798,17.29642,1.344136,26.15715,38.06533,2.909048,0.7328755,0.4324727,0.1644513,0.05270337,0.005558385,0.4087989,0.01028072
R2,-1.151922,0.9952318,0.9907833,0.9839555,0.9748444,0.9885664,0.9923594,0.7779577,0.9827447,0.6642083,0.5113373,0.9626552,0.9905917,0.9944481,0.9978889,0.9993234,0.9999286,0.9947521,0.999868
MAE,10.1178,0.07857143,0.161498,0.2939365,0.6896943,0.5556266,0.5121565,1.359425,0.6632339,2.503145,2.622455,1.114046,0.5858873,0.1414132,0.184419,0.08519183,0.02641193,0.17549,0.03670578
MAPE,83.11244,0.6696429,1.429718,2.668849,6.825279,5.746479,5.249283,7.36456,6.3585,15.95411,15.69006,9.724164,4.801357,1.289862,1.74366,0.8029194,0.2551778,1.416675,0.2981848
RRMSE,87.82948,4.97389,8.213105,10.81406,13.95276,9.908611,7.622942,10.66119,11.5364,23.03914,21.79336,14.34623,6.294778,6.150877,3.85522,2.061743,0.7535689,4.988941,0.9211275
