Metrics,LR,FT,MT,CT,SVM-L,SVM-Q,SVM-C,SVM-FG,SVM-MG,SVM-CG,SVM-K,SLRK,BOT,BAT,NNN,MNN,WNN,BNN,TNN
TrainTime,0.49199,0.122402,0.111288,0.112783,2.12859,1.83345,1.78956,1.06478,0.939381,0.795058,9.93005,4.89905,1.95004,1.74115,9.78454,12.9978,36.9717,11.6177,13.0878
