Metrics,LR,FT,MT,CT,SVM-L,SVM-Q,SVM-C,SVM-FG,SVM-MG,SVM-CG,SVM-K,SLRK,BOT,BAT,NNN,MNN,WNN,BNN,TNN
RMSE,10.55525924,11.3932105,11.15975082,11.02874858,481.8614515,332.7630029,171.1792064,217.8010565,487.3931447,916.5659294,944.873942,210.3429429,47.33725596,20.41257307,19.23135055,14.87096759,16.96367818,10.40034918,15.67490331
MSE,111.4134976,129.8052456,124.5400383,121.6332952,232190.4584,110731.2161,29302.3207,47437.30019,237552.0775,840093.1029,892786.7663,44244.15363,2240.815802,416.6731392,369.8448438,221.1456771,287.7663775,108.167263,245.7025937
R2,0.9998643658,0.9998419757,0.9998483856,0.9998519242,0.7173324854,0.8651963657,0.9643274998,0.9422500656,0.7108052769,-0.02272518446,-0.08687418932,0.9461373864,0.9972720419,0.9994927442,0.9995497527,0.9997307783,0.9996496746,0.9998683177,0.9997008829
MAE,4.299731138,3.387694801,3.498821792,4.116014324,216.3721708,147.5536827,82.36833922,63.19390446,216.0873507,342.7222733,353.8555797,107.5406828,27.45001496,6.769095814,6.276629585,6.531172214,7.76927941,4.592193598,5.445134611
MAPE,1.64847974,1.327398337,1.364127914,1.587072524,32.98095573,32.58118287,22.50622261,11.27102075,32.34764883,19.74431386,20.10930431,36.23771174,4.864722902,1.564509598,2.376439647,2.409846205,2.991541564,1.696904668,2.098670575
RRMSE,4.275124923,4.417016261,4.392320017,4.335503735,73.4446201,68.81194876,48.79192481,16.35174231,67.6123045,34.72616083,33.49271839,81.09556073,5.661495587,4.330229306,7.456982628,5.427600671,6.691529519,3.993585416,6.606313005
