Metrics,LR,FT,MT,CT,SVM-L,SVM-Q,SVM-C,SVM-FG,SVM-MG,SVM-CG,SVM-K,SLRK,BOT,BAT,NNN,MNN,WNN,BNN,TNN
MSPE,0.0018276693,0.0019510033,0.0019292475,0.0018796593,0.53941122,0.47350843,0.23806519,0.026737948,0.45714237,0.12059062,0.11217622,0.657649,0.0032052532,0.0018750886,0.005560659,0.0029458849,0.0044776567,0.0015948724,0.0043643372
MPE,0.04006369,-0.19225288,-0.058250386,-0.043458004,15.447471,12.206222,7.6201311,4.0065591,14.612541,-5.7840652,-8.4353433,16.547863,-4.2813019,0.1021587,0.55436961,-0.094520134,0.031219154,0.01177203,0.43285144
NRMSEAve,1.7432334,1.8816237,1.8430671,1.8214317,79.580897,54.956831,28.270771,35.970513,80.494473,151.37367,156.04883,34.738782,7.817893,3.3711991,3.1761165,2.4559859,2.8016035,1.7176496,2.5887584
NRMSEMaxMin,0.37173505,0.40124601,0.39302403,0.38841039,16.970193,11.719245,6.0285881,7.6705161,17.165008,32.279613,33.276564,7.4078563,1.6671232,0.71888986,0.67728957,0.52372563,0.5974267,0.36627943,0.55203864
NRMSESd,1.1632339,1.2555796,1.2298514,1.2154144,53.103154,36.671879,18.864667,24.00259,53.71277,101.00941,104.12907,23.180675,5.2167643,2.2495512,2.1193755,1.638843,1.8694685,1.1461621,1.7274401
NRMSEIQ,11.494916,12.407464,12.153221,12.010557,524.75802,362.38644,186.41803,237.19028,530.78216,998.16103,1028.9891,229.06822,51.551342,22.229754,20.943376,16.19482,18.473829,11.326215,17.070324
