Metrics,LR,FT,MT,CT,SVM-L,SVM-Q,SVM-C,SVM-FG,SVM-MG,SVM-CG,SVM-K,SLRK,BOT,BAT,NNN,MNN,WNN,BNN,TNN
TestTime,0.010439,0.0071196,0.0065885,0.0058805,0.011906,0.013266,0.012881,0.013708,0.014255,0.013551,0.016237,0.015643,0.017512,0.018536,0.0082014,0.0079526,0.0075817,0.0075272,0.0072495
