Metrics,LR,FT,MT,CT,SVM-L,SVM-Q,SVM-C,SVM-FG,SVM-MG,SVM-CG,SVM-K,SLRK,BOT,BAT,NNN,MNN,WNN,BNN,TNN
TestTime,0.010698,0.0074198,0.0067684,0.0064684,0.0124,0.014394,0.014988,0.015585,0.014699,0.0143,0.016182,0.016273,0.017582,0.018456,0.0076269,0.0083086,0.0077498,0.0075562,0.0073956
