Metrics,LR,FT,MT,CT,SVM-L,SVM-Q,SVM-C,SVM-FG,SVM-MG,SVM-CG,SVM-K,SLRK,BOT,BAT,NNN,MNN,WNN,BNN,TNN
RMSE,9.76939,0.593884,0.941847,1.1657,1.27665,0.956503,0.893645,1.06836,1.06806,2.29282,2.97432,1.43766,0.775062,0.732286,0.589218,0.372557,0.0934155,0.517939,0.0634284
MSE,95.441,0.352698,0.887075,1.35886,1.62985,0.914899,0.798601,1.1414,1.14075,5.25703,8.84655,2.06686,0.600721,0.536242,0.347178,0.138798,0.00872646,0.268261,0.00402316
R2,-3.41757,0.983675,0.958941,0.937104,0.924561,0.957653,0.963036,0.947169,0.947199,0.756674,0.59053,0.904333,0.972195,0.97518,0.983931,0.993576,0.999596,0.987583,0.999814
MAE,8.78379,0.0738889,0.178912,0.286752,0.702634,0.516729,0.511686,0.658437,0.589658,1.45457,1.78743,0.971017,0.530647,0.147887,0.205377,0.13707,0.0414599,0.0942426,0.0192042
MAPE,82.4295,0.625744,1.4764,2.44005,6.78511,5.21889,5.16517,6.23978,5.82734,12.9756,13.6637,8.8778,4.77001,1.2356,1.86341,1.22012,0.378321,0.781841,0.142931
RRMSE,88.4532,4.7219,8.04858,10.4751,11.4339,7.64135,6.8587,7.25382,8.77087,18.7217,17.8486,12.8313,6.37301,6.01571,4.57536,2.60642,0.666758,3.8084,0.47625
