Metrics,LR,FT,MT,CT,SVM-L,SVM-Q,SVM-C,SVM-FG,SVM-MG,SVM-CG,SVM-K,SLRK,BOT,BAT,NNN,MNN,WNN,BNN,TNN
MSPE,0.782396,0.00222963,0.00647796,0.0109728,0.0130734,0.00583902,0.00470417,0.00526179,0.00769282,0.0350501,0.0318572,0.0164643,0.00406152,0.00361887,0.00209339,0.00067934,4.44567e-05,0.00145039,2.26814e-05
MPE,-61.8507,0.208581,0.492134,0.813349,1.38056,0.771463,0.428673,3.42616,1.11462,0.921204,0.457087,3.22388,-3.97906,0.409738,0.15292,0.0210946,0.0137988,0.188439,0.00352452
NRMSEAve,0.897844,0.0545802,0.0865592,0.107132,0.117329,0.0879062,0.0821293,0.0981867,0.0981588,0.210719,0.273351,0.132126,0.0712311,0.0672998,0.0541513,0.0342393,0.00858523,0.0476006,0.0058293
NRMSEMaxMin,0.407058,0.0247452,0.0392436,0.0485708,0.0531939,0.0398543,0.0372352,0.0445152,0.0445025,0.0955342,0.12393,0.0599025,0.0322943,0.0305119,0.0245508,0.0155232,0.00389231,0.0215808,0.00264285
NRMSESd,2.10118,0.127731,0.20257,0.250716,0.27458,0.205722,0.192203,0.229781,0.229716,0.493134,0.639708,0.309208,0.166698,0.157498,0.126728,0.0801285,0.0200916,0.111397,0.013642
NRMSEIQ,1.22117,0.0742355,0.117731,0.145712,0.159582,0.119563,0.111706,0.133546,0.133508,0.286603,0.371789,0.179707,0.0968828,0.0915357,0.0736523,0.0465696,0.0116769,0.0647424,0.00792854
