Metrics,LR,FT,MT,CT,SVM-L,SVM-Q,SVM-C,SVM-FG,SVM-MG,SVM-CG,SVM-K,SLRK,BOT,BAT,NNN,MNN,WNN,BNN,TNN
TrainTime,0.594212,0.172287,0.165491,0.122659,2.01827,1.92529,1.73715,1.15777,0.957856,0.857138,10.1703,5.22511,1.74276,1.7278,9.33563,12.1851,35.4365,10.9499,11.4174
