Metrics,LR,FT,MT,CT,SVM-L,SVM-Q,SVM-C,SVM-FG,SVM-MG,SVM-CG,SVM-K,SLRK,BOT,BAT,NNN,MNN,WNN,BNN,TNN
RMSE,1869.6350492,40.887324502,44.893794765,60.507715831,781.93603103,102.4653066,123.49035484,1742.1398347,507.54612757,1701.3778596,1937.2815298,525.91576136,97.173303647,44.68387616,124.65645686,95.55519883,118.52354914,110.45811978,77.994449308
MSE,3495535.2171,1671.773305,2015.4528084,3661.1836751,611423.95662,10499.139057,15249.867738,3035051.2035,257603.07161,2894686.6211,3753059.7256,276587.38805,9442.6509417,1996.6487887,15539.232236,9130.7960234,14047.8317,12200.996224,6083.1341229
R2,0.018427408868,0.99953055348,0.99943404569,0.99897191208,0.82830755232,0.99705176275,0.99571772239,0.14773478479,0.92766311916,0.18715021571,-0.053887410876,0.92233218025,0.99734843256,0.999439326,0.99563646666,0.99743600377,0.99605526316,0.99657386845,0.99829181017
MAE,651.39351835,11.493497081,16.507818699,23.090304318,220.72297391,66.25188744,70.028990664,556.32486513,169.59471189,418.90432664,634.06258574,258.11939668,42.50230627,14.959799412,42.346705014,41.243513968,56.83447586,32.043462423,33.24022701
MAPE,124.75470506,2.4467455877,3.1908026758,4.4300941048,76.940109917,28.301589145,37.379921627,105.42262341,48.050367456,45.992689936,144.20083672,75.816389991,8.0977019518,2.5446724785,13.004898874,10.516262121,18.162232499,6.9513911584,14.986051086
RRMSE,275.57029098,7.303215053,7.7745146448,9.7707801642,228.6150432,47.938484691,79.768855075,158.98037087,89.928261931,91.702138295,343.92054087,132.61890998,14.890216579,6.5885041035,41.826336521,26.262730336,44.687736327,18.910831996,47.294035356
