Metrics,LR,FT,MT,CT,SVM-L,SVM-Q,SVM-C,SVM-FG,SVM-MG,SVM-CG,SVM-K,SLRK,BOT,BAT,NNN,MNN,WNN,BNN,TNN
MSPE,7.593899,0.005333695,0.006044308,0.009546815,5.226484,0.2298098,0.636307,2.527476,0.8087092,0.8409282,11.82813,1.758778,0.02217185,0.004340839,0.1749442,0.0689731,0.1996994,0.03576196,0.2236726
MPE,Inf,0.4823254,0.5304106,0.8186052,,,,Inf,,,Inf,,Inf,Inf,,,,,Inf
NRMSEAve,243.6135,5.32762,5.849663,7.884157,101.8863,13.35123,16.0908,227.0009,66.13328,221.6896,252.4278,68.52684,12.66168,5.82231,16.24274,12.45085,15.44362,14.3927,10.16268
NRMSEMaxMin,19.68659,0.4305288,0.4727155,0.6371245,8.233506,1.078923,1.300309,18.34411,5.344278,17.9149,20.39888,5.537704,1.0232,0.4705052,1.312588,1.006162,1.24801,1.163084,0.8212535
NRMSESd,98.95633,2.164091,2.376146,3.202562,41.38643,5.423299,6.536116,92.20824,26.86348,90.05079,102.5367,27.83575,5.143203,2.365035,6.597836,5.05756,6.273233,5.846344,4.128102
NRMSEIQ,418.2629,9.147052,10.04335,13.5364,174.9298,22.92289,27.62648,389.7405,113.545,380.6214,433.3963,117.6545,21.73899,9.996393,27.88735,21.377,26.51534,24.71099,17.44842
