Metrics,LR,FT,MT,CT,SVM-L,SVM-Q,SVM-C,SVM-FG,SVM-MG,SVM-CG,SVM-K,SLRK,BOT,BAT,NNN,MNN,WNN,BNN,TNN
TestTime,0.012286,0.0084234,0.0086664,0.0080539,0.01397,0.014891,0.014602,0.015789,0.014972,0.016177,0.017685,0.018278,0.01949,0.020316,0.0090657,0.0089526,0.0087191,0.0084719,0.0086834
