InputGenerationTime,0.0261199870146811
ProfilingTime,3.5711996919708326
SimulationTime,164.16047817101935
FramaCCommandExecutionTime,37.1047713040025
FramaCParsingTime,0.026333195972256362
TotalExecutionTime,204.90293375396868
