InputGenerationTime,0.10926627200024086
ProfilingTime,5.88844976999826
SimulationTime,141.33244058399941
FramaCCommandExecutionTime,50.698185458997614
FramaCParsingTime,0.02805929199894308
TotalExecutionTime,198.1005583030019
