Metrics,LR,FT,MT,CT,SVM-L,SVM-Q,SVM-C,SVM-FG,SVM-MG,SVM-CG,SVM-K,SLRK,BOT,BAT,NNN,MNN,WNN,BNN,TNN
RMSE,1.792942966610871,0.001436939335224041,0.001436939335224041,0.001436939335224041,0.06139917734488604,0.09607857394313382,0.1033624409902679,0.2135399936259608,0.2435575218348454,1.155657010030852,0.3916305209258679,0.3237182762841933,0.07600517524908688,0.01786779469856619,0.007834732706399616,0.006460332119088897,0.07757976709281388,0.02387971204702892,0.01672883864484636
MSE,3.21464448151939,2.064794653114107e-06,2.064794653114107e-06,2.064794653114107e-06,0.003769858978628767,0.009231092370946234,0.01068379420746662,0.04559932887777538,0.05932026644233121,1.33554312483345,0.1533744649206666,0.1047935224004093,0.00577678666464441,0.00031925808739011,6.138303658072786e-05,4.173589108893163e-05,0.006018620262175246,0.0005702406474490182,0.000279854042405305
R2,-0.3512380404028852,0.9999991320878259,0.9999991320878259,0.9999991320878259,0.9984153840687011,0.9961198187738011,0.9955091926239564,0.9808328578321142,0.9750654229279415,0.4386201381682676,0.9355308455978034,0.9559512740306767,0.9975717955943699,0.9998658036137844,0.9999741983617348,0.9999824568085168,0.9974701436828415,0.9997603060433442,0.9998823666411535
MAE,0.9140249743663807,0.0004597685547870559,0.0004597685547870559,0.0004597685547870559,0.05441328902063428,0.0714420824383025,0.07543964167035692,0.1497584406618161,0.1158732244586758,0.5621633330715183,0.1733897628937348,0.1769144705597125,0.03875101685598362,0.004813157125557397,0.002518418406850089,0.002963539226289073,0.04470421303364836,0.006011385333616327,0.009334602985572062
MAPE,16848087320488.44,0.5308477522392743,0.5308477522392743,0.5308477522392743,3158448694403269,5249612881207680,5346571800626682,1.114925272697359e+16,3966064516990335,5661982595315127,6536165654920291,6064995393994621,4.238998664132452,78201423966228.72,10075803338811.3,154879982928397.8,3522567963006052,117086426013561.2,343390417645800.8
RRMSE,233588754654422.2,1.660767278628327,1.660767278628327,1.660767278628327,5493585204069641,1.064433244208913e+16,1.038699760022851e+16,1.803285639343901e+16,7906579688784581,1.066613867994324e+16,1.392442793011558e+16,1.279703275153287e+16,4.239030829499028,1144949014792617,46103657660987.14,569745497863301.4,7949270159617186,1535894106854754,984715283129860.5
