Metrics,LR,FT,MT,CT,SVM-L,SVM-Q,SVM-C,SVM-FG,SVM-MG,SVM-CG,SVM-K,SLRK,BOT,BAT,NNN,MNN,WNN,BNN,TNN
MSPE,5.456370630100385e+24,0.0002758147953762539,0.0002758147953762539,0.0002758147953762539,3.017947839437289e+27,1.133018131377112e+28,1.078897191471529e+28,3.251839097063943e+28,6.251400237510088e+27,1.137665143397814e+28,1.938896931809829e+28,1.637640472438049e+28,0.001796938237344322,1.310908246474585e+26,2.125547249721498e+23,3.246099323355011e+25,6.319089607058025e+27,2.358970707471163e+26,9.696641888295214e+25
MPE,16848087320298.16,0.01178278791035494,0.01178278791035494,0.01178278791035494,2546460959777188,-809271829727680.2,-1169829153199675,1.114925272697359e+16,1139458928909866,1738071104302072,1470169363825410,2940982230539040,-4.238998664132452,78201423966228.2,-780849405436.803,48678599879003.09,-153775357328584.8,87784470025290.81,220118892579053.3
NRMSEAve,196.1372909678721,0.1571926122272391,0.1571926122272391,0.1571926122272391,6.716704622705135,10.51042423780152,11.30723594737616,23.36000455288475,26.64374350838055,126.4219997270426,42.84204844503979,35.41285301851489,8.314513874957902,1.954630411011553,0.8570731345656452,0.7067218891998559,8.486764852462501,2.612298392765124,1.830035396519634
NRMSEMaxMin,38.3845636265193,0.03076299155494906,0.03076299155494906,0.03076299155494906,1.314476072747395,2.056916590959173,2.212854656655888,4.571611939021129,5.214247953050481,24.74110490854771,8.384297174260563,6.930384850214026,1.627171382259872,0.3825261122327436,0.1677313788926768,0.1383072601257112,1.660881333963235,0.5112333986756853,0.3581425529528535
NRMSESd,116.1042982397015,0.0930508310839199,0.0930508310839199,0.0930508310839199,3.975981685350586,6.221690043283937,6.693366101991685,13.82805341149114,15.77187656286046,74.83603698172996,25.36053162209434,20.96278799452704,4.921811624360487,1.157051731818042,0.5073480638882968,0.4183470088287593,5.023776318405079,1.546361072838393,1.083297186466851
NRMSEIQ,178.3987701578513,0.1429762212012656,0.1429762212012656,0.1429762212012656,6.10925050657719,9.559868746062168,10.28461735625265,21.2473419131657,24.23410179084666,114.9884815932068,38.96744324306041,32.2101391077062,7.56255499621359,1.777854989822997,0.779560033624056,0.6428064508015436,7.719227714561382,2.376043934607861,1.664528262185064
