Metrics,LR,FT,MT,CT,SVM-L,SVM-Q,SVM-C,SVM-FG,SVM-MG,SVM-CG,SVM-K,SLRK,BOT,BAT,NNN,MNN,WNN,BNN,TNN
TestTime,0.01064,0.0068022,0.006571,0.0062462,0.012215,0.01401,0.014227,0.013787,0.01397,0.013671,0.017324,0.016129,0.016992,0.016788,0.0079467,0.0080119,0.0077649,0.0081709,0.0084038
