Metrics,LR,FT,MT,CT,SVM-L,SVM-Q,SVM-C,SVM-FG,SVM-MG,SVM-CG,SVM-K,SLRK,BOT,BAT,NNN,MNN,WNN,BNN,TNN
TestTime,0.01082,0.0071872,0.0068677,0.007002,0.011562,0.013094,0.013475,0.01377,0.014297,0.013215,0.017871,0.016961,0.017332,0.016577,0.0078881,0.0082006,0.0080907,0.0078404,0.0079657
