InputGenerationTime,0.08174772199708968
ProfilingTime,4.271817413973622
SimulationTime,284.9883687449619
FramaCCommandExecutionTime,53.48097528691869
FramaCParsingTime,0.09552359499502927
TotalExecutionTime,342.9638500040164
