Metrics,LR,FT,MT,CT,SVM-L,SVM-Q,SVM-C,SVM-FG,SVM-MG,SVM-CG,SVM-K,SLRK,BOT,BAT,NNN,MNN,WNN,BNN,TNN
RMSE,1.959781018546239,2.215972637646901e-10,2.215972637646901e-10,2.215972637646901e-10,0.911151170166003,0.2629885436940507,0.3501786832498018,0.9407103711594857,0.904283441528948,1.664674369511007,0.4963818240602546,0.4056692296714973,0.0831364278163719,0.03205392172358278,0.0009564305712838351,0.0009985665958354691,0.002117417357257955,0.001296583503396594,0.000996046482985331
MSE,3.840741640654132,4.910534730799764e-20,4.910534730799764e-20,4.910534730799764e-20,0.8301964548948765,0.0691629741143176,0.122625110202565,0.8849360024070175,0.8177285426234383,2.771140756506867,0.2463949152573855,0.1645675239022661,0.006911665630066816,0.001027453897861572,9.147594376863232e-07,9.971352463184371e-07,4.483456264817262e-06,1.681128781280184e-06,9.921085962674473e-07
R2,-0.2842380809985763,1,1,1,0.7224052014328062,0.9768738088986382,0.958997545020508,0.7041018064041966,0.7265741274443989,0.0734069561869285,0.9176123356519083,0.9449731586072166,0.9976889296298126,0.9996564477526586,0.9999996941296722,0.9999996665854736,0.9999985008558741,0.9999994378768993,0.9999996682662468
MAE,0.9631620969821942,9.821113579231055e-11,9.821113579231055e-11,9.821113579231055e-11,0.3395505059587564,0.06812315527506349,0.07902921686434695,0.2435318340975337,0.2891337478499409,0.7738157138566957,0.1401616701823027,0.1835144686781706,0.03920953670471265,0.006372428764161568,0.0004064469078139384,0.0004707310091220422,0.00137977571792061,0.0003184634009920833,0.000341741667484471
MAPE,1.714925165459091e+16,198.8171396229868,198.8171396229868,198.8171396229868,8851138287935981,2867473265649683,2766734397625712,2464674406918906,5302495500966557,2557118567404268,5023300091736375,1.593921948124672e+16,193.3715715659092,120487461134261.6,27464376142214.71,24328493857932.05,231864129508050.5,21800124952371.76,7041631100647.149
RRMSE,5.13893423113533e+16,487.9583494851216,487.9583494851216,487.9583494851216,2.676504083333302e+16,7112731380644217,8075162800336561,5321230723040381,2.044905635092858e+16,6704757463091964,1.727194860918154e+16,4.133875513749482e+16,465.7546884550592,994660284928941.2,78725574949519.27,71459462316357.11,761513006298973.8,71029095487800.14,42074231521132.24
