Metrics,LR,FT,MT,CT,SVM-L,SVM-Q,SVM-C,SVM-FG,SVM-MG,SVM-CG,SVM-K,SLRK,BOT,BAT,NNN,MNN,WNN,BNN,TNN
MSPE,2.640864503193446e+29,23.81033508322441,23.81033508322441,23.81033508322441,7.16367410809984e+28,5.059094769320099e+27,6.520825425193941e+27,2.831549640782886e+27,4.181639056434524e+28,4.495377263888739e+27,2.983202087582081e+28,1.708892676317755e+29,21.69274298178692,9.893490824149223e+25,6.197716151132375e+23,5.106454754542862e+23,5.799020587625008e+25,5.04513240581503e+23,1.770240958093838e+23
MPE,1.714825744492679e+16,176.7264126549251,176.7264126549251,176.7264126549251,710430333053033.8,550840601216721.8,615487593150575.6,2455428370903686,2130944048248780,728420665922499.5,2474149366694064,5368563388728052,164.9956594971402,120487461134241,23245786450058.85,3649646586948.314,2624089605161.485,13214155250330.42,-1759868719667.863
NRMSEAve,211.8805635670074,2.395785686617087e-08,2.395785686617087e-08,2.395785686617087e-08,98.50856886690278,28.43285056965017,37.85936084387585,101.7043443672367,97.76606845472719,179.9752830697309,53.66602678105509,43.85868838976239,8.9882456315183,3.465490753841191,0.1034039244887975,0.1079594358158212,0.2289233229206286,0.1401793571891733,0.1076869753083019
NRMSEMaxMin,44.66228393329219,5.050074380473812e-09,5.050074380473812e-09,5.050074380473812e-09,20.76461190459547,5.993357879534737,7.980371087730298,21.43824911973264,20.60810031301342,37.93697287808515,11.31225670404232,9.244968773107271,1.894631445654472,0.7304904678871394,0.02179650345263902,0.02275675925394341,0.04825472556382184,0.02954839342962802,0.02269932732936017
NRMSESd,113.290496228475,1.281003527291878e-08,1.281003527291878e-08,1.281003527291878e-08,52.67158280971312,15.20277129717492,20.24303553232317,54.38033318385085,52.27457499205826,96.23105009998652,28.69470753844584,23.45081817773652,4.805928352631069,1.852964521937841,0.05528908230226999,0.05772487032418423,0.1224030954767001,0.07495255189807777,0.05757918831550976
NRMSEIQ,925.1756273004572,1.046118854971066e-07,1.046118854971066e-07,1.046118854971066e-07,430.1372691369336,124.1519274768077,165.3127466165627,444.0916099856536,426.8951440781707,785.8613485325997,234.3324897575316,191.5087861786869,39.24713834282721,15.13205141666993,0.4515128197400588,0.4714044415986189,0.9995927673649855,0.6120925984843982,0.4702147438900841
