Metrics,LR,FT,MT,CT,SVM-L,SVM-Q,SVM-C,SVM-FG,SVM-MG,SVM-CG,SVM-K,SLRK,BOT,BAT,NNN,MNN,WNN,BNN,TNN
TrainTime,0.438282,0.0998994,0.100153,0.0988454,0.919704,2.16121,1.65858,1.01448,0.816592,0.781726,22.4599,5.30908,1.49952,1.47674,8.66701,10.2677,36.8369,9.67377,12.7059
