InputGenerationTime,0.03578358400045545
ProfilingTime,11.666851415997371
SimulationTime,141.06245929800207
FramaCCommandExecutionTime,36.100109766997775
FramaCParsingTime,0.02532708600119804
TotalExecutionTime,188.94181743899753
