Metrics,LR,FT,MT,CT,SVM-L,SVM-Q,SVM-C,SVM-FG,SVM-MG,SVM-CG,SVM-K,SLRK,BOT,BAT,NNN,MNN,WNN,BNN,TNN
RMSE,3.39538,0.217502,0.412321,0.53374,1.19922,0.311956,0.230932,3.0464,0.92593,3.20127,1.78088,0.757676,0.214303,0.314576,0.0278856,0.0306561,0.00873069,0.00311552,0.0183315
MSE,11.5286,0.0473073,0.170009,0.284878,1.43814,0.0973164,0.0533295,9.28056,0.857346,10.2482,3.17153,0.574073,0.0459258,0.0989581,0.000777607,0.000939796,7.62E-05,9.71E-06,0.000336044
R2,-0.010985,0.995851,0.985091,0.975018,0.873884,0.991466,0.995323,0.186153,0.924816,0.1013,0.721877,0.949657,0.995973,0.991322,0.999932,0.999918,0.999993,0.999999,0.999971
MAE,1.459,0.0304308,0.0823394,0.115239,0.458891,0.0897894,0.0772091,0.94605,0.36108,1.05128,0.519889,0.36308,0.0694114,0.063139,0.00897793,0.0182299,0.00447005,0.000991029,0.00519191
MAPE,85.9481,4.53807,12.5107,13.6436,47.5061,4.56878,3.25348,71.6329,41.3559,92.3124,33.0266,17.1641,6.76725,5.99921,0.703148,0.529933,0.129127,0.10548,0.5382
RRMSE,87.9874,13.6977,27.844,27.8655,56.7246,13.4314,9.89823,74.7649,51.9651,92.5038,43.948,23.7165,9.6979,13.0481,2.5404,1.56314,0.577371,0.171017,1.5731
