Metrics,LR,FT,MT,CT,SVM-L,SVM-Q,SVM-C,SVM-FG,SVM-MG,SVM-CG,SVM-K,SLRK,BOT,BAT,NNN,MNN,WNN,BNN,TNN
MSPE,0.7741776,0.01876262,0.07752889,0.07764887,0.3217685,0.01804036,0.009797504,0.5589794,0.2700376,0.8556949,0.193143,0.0562471,0.00940493,0.0170252,0.0006453629,0.0002443408,3.333575e-05,2.924669e-06,0.0002474645
MPE,-11.73255,-0.2091601,-0.0588141,-0.1586793,-6.532085,-0.4797081,-0.3322145,-9.849523,-5.634615,-12.69295,-4.49708,-2.302869,-0.7773463,-0.41952,-0.0234441,-0.02091963,-0.003926942,-0.0001713164,-0.009986487
NRMSEAve,309.8442,19.84812,37.62625,48.70628,109.4348,28.46744,21.07362,277.9986,84.4955,292.1315,162.5136,69.14155,19.55616,28.70655,2.544694,2.797514,0.796717,0.2843063,1.672837
NRMSEMaxMin,22.63584,1.450015,2.748806,3.558265,7.994822,2.079705,1.539545,20.30934,6.172866,21.34183,11.87252,5.051174,1.428686,2.097173,0.185904,0.2043739,0.0582046,0.02077015,0.12221
NRMSESd,100.5178,6.439009,12.20648,15.801,35.50219,9.235238,6.836577,90.18663,27.41153,94.77155,52.7217,22.43049,6.344294,9.312809,0.8255344,0.9075527,0.2584662,0.09223294,0.5426917
NRMSEIQ,Inf,Inf,Inf,Inf,Inf,Inf,Inf,Inf,Inf,Inf,Inf,Inf,Inf,Inf,Inf,Inf,Inf,Inf,Inf
