Metrics,LR,FT,MT,CT,SVM-L,SVM-Q,SVM-C,SVM-FG,SVM-MG,SVM-CG,SVM-K,SLRK,BOT,BAT,NNN,MNN,WNN,BNN,TNN
TrainTime,0.603604,0.154212,0.143923,0.159522,1.24479,2.44851,2.02681,1.02601,0.880121,0.721188,13.8587,5.28692,1.90413,1.84564,10.7691,13.5002,38.3738,11.738,13.0979
