Metrics,LR,FT,MT,CT,SVM-L,SVM-Q,SVM-C,SVM-FG,SVM-MG,SVM-CG,SVM-K,SLRK,BOT,BAT,NNN,MNN,WNN,BNN,TNN
MSPE,0.8503375,0.1026162,0.06582681,0.04518244,0.2088261,0.06591117,0.06361933,0.6649236,0.3438857,0.8736861,0.3447689,0.1252375,0.05106598,0.03288343,0.06318748,0.05678498,0.04983442,0.06983802,0.06686685
MPE,,Inf,Inf,Inf,,,,,,,,,Inf,Inf,,,,,Inf
NRMSEAve,356.0333,80.55726,62.06738,58.507,100.3426,64.87412,60.73354,269.4123,107.8552,337.1435,246.4383,151.1863,54.4917,46.22119,68.08626,69.2538,74.71072,58.47633,73.85182
NRMSEMaxMin,21.19246,4.795075,3.694487,3.482559,5.972774,3.861555,3.615092,16.03645,6.419952,20.06806,14.66895,8.999183,3.243553,2.751261,4.052753,4.12225,4.447067,3.480734,4.395942
NRMSESd,99.67653,22.55314,17.37664,16.37986,28.09232,18.16242,17.00321,75.42576,30.19558,94.38805,68.99387,42.32672,15.25572,12.94027,19.06171,19.38858,20.91632,16.37127,20.67586
NRMSEIQ,Inf,Inf,Inf,Inf,Inf,Inf,Inf,Inf,Inf,Inf,Inf,Inf,Inf,Inf,Inf,Inf,Inf,Inf,Inf
