Metrics,LR,FT,MT,CT,SVM-L,SVM-Q,SVM-C,SVM-FG,SVM-MG,SVM-CG,SVM-K,SLRK,BOT,BAT,NNN,MNN,WNN,BNN,TNN
TestTime,0.011282,0.0066424,0.0064516,0.0061621,0.011962,0.014121,0.013215,0.013608,0.013269,0.014048,0.01769,0.016209,0.017142,0.017345,0.0087513,0.0086176,0.0084232,0.0086357,0.0080613
