Metrics,LR,FT,MT,CT,SVM-L,SVM-Q,SVM-C,SVM-FG,SVM-MG,SVM-CG,SVM-K,SLRK,BOT,BAT,NNN,MNN,WNN,BNN,TNN
TestTime,0.0099961,0.0068971,0.0058489,0.0057634,0.011729,0.013915,0.01327,0.014347,0.013564,0.013716,0.014915,0.015729,0.017486,0.016113,0.0072427,0.0074879,0.0073213,0.006905,0.0075587
