Metrics,LR,FT,MT,CT,SVM-L,SVM-Q,SVM-C,SVM-FG,SVM-MG,SVM-CG,SVM-K,SLRK,BOT,BAT,NNN,MNN,WNN,BNN,TNN
RMSE,12.50689,0.8323901,0.9320853,1.165078,1.617912,1.45269,2.126935,6.326515,1.835179,5.44557,7.094097,3.044035,0.9294048,0.6764223,1.820966,3.249869,3.059794,3.685217,1.476732
MSE,156.4224,0.6928733,0.8687831,1.357407,2.617639,2.110308,4.523854,40.0248,3.367881,29.65423,50.32621,9.266152,0.8637932,0.4575471,3.315916,10.56165,9.362342,13.58083,2.180737
R2,-1.034097,0.99099,0.9887025,0.9823484,0.9659605,0.9725578,0.9411724,0.4795224,0.9562045,0.61438,0.3455641,0.8795041,0.9887673,0.9940501,0.9568802,0.8626576,0.8782532,0.8233966,0.971642
MAE,9.880352,0.1210884,0.1825397,0.3509819,0.846756,0.8157352,1.07987,3.489052,1.212072,2.711157,3.139363,1.691898,0.6558383,0.1731792,0.667433,1.572477,1.683375,0.8721032,0.3620275
MAPE,84.03955,0.9849773,1.468254,3.072744,8.413214,8.481311,10.94745,26.10597,11.31942,17.38659,19.23162,15.19301,5.455403,1.53239,6.347421,15.93999,16.10613,7.550772,2.985659
RRMSE,94.38734,7.24051,7.44246,11.54079,16.76143,16.47507,22.91917,31.34512,18.3962,23.52932,26.59027,25.91221,7.928798,6.222431,16.9829,35.2839,29.0924,37.44954,13.12902
