Metrics,LR,FT,MT,CT,SVM-L,SVM-Q,SVM-C,SVM-FG,SVM-MG,SVM-CG,SVM-K,SLRK,BOT,BAT,NNN,MNN,WNN,BNN,TNN
RMSE,12.9019,1.342429,1.345159,1.517452,1.678027,1.542213,1.798889,5.007161,1.848912,5.224354,7.121313,4.638402,1.183988,1.065113,1.881255,1.728067,2.30915,1.225193,2.040259
MSE,166.4589,1.802116,1.809451,2.302661,2.815776,2.378422,3.236001,25.07166,3.418476,27.29387,50.7131,21.51478,1.401826,1.134466,3.53912,2.986216,5.332171,1.501097,4.162658
R2,-1.230054,0.975857,0.9757587,0.9691512,0.962277,0.9681362,0.9566472,0.6641144,0.9542026,0.6343433,0.3205955,0.711766,0.9812197,0.9848015,0.9525863,0.9599936,0.9285648,0.9798898,0.9442328
MAE,10.21148,0.2492063,0.270762,0.4053333,0.7977812,0.8256061,0.9732496,3.103317,1.111612,2.681711,3.118659,2.08992,0.6454559,0.2153435,0.771943,0.790411,1.287745,0.3849793,0.4911227
MAPE,82.05599,1.884921,2.009852,3.095635,7.223379,8.031132,9.304079,24.66985,9.950777,17.00936,18.87522,15.40008,5.085009,1.684734,7.018718,7.184508,12.2957,2.839091,3.653167
RRMSE,86.39118,10.13712,10.4163,11.82514,14.00834,14.81963,17.02007,30.19291,16.52925,23.68804,26.95304,25.0533,7.368994,7.945371,17.19764,15.90221,23.74378,9.881588,15.2012
