Metrics,LR,FT,MT,CT,SVM-L,SVM-Q,SVM-C,SVM-FG,SVM-MG,SVM-CG,SVM-K,SLRK,BOT,BAT,NNN,MNN,WNN,BNN,TNN
TestTime,0.011822,0.0085393,0.0079608,0.0072394,0.012489,0.013784,0.014103,0.0145,0.014467,0.015243,0.017376,0.018628,0.021561,0.017399,0.0080151,0.0075152,0.0078102,0.0084799,0.0080175
