Metrics,LR,FT,MT,CT,SVM-L,SVM-Q,SVM-C,SVM-FG,SVM-MG,SVM-CG,SVM-K,SLRK,BOT,BAT,NNN,MNN,WNN,BNN,TNN
TestTime,0.012695,0.008929,0.0081879,0.0075896,0.012922,0.014563,0.015297,0.015501,0.014915,0.015805,0.01848,0.018065,0.019225,0.018975,0.0091197,0.0088455,0.0093104,0.0099419,0.0091739
