InputGenerationTime,0.07064439501846209
ProfilingTime,3.7988646010053344
SimulationTime,190.36004772299202
FramaCCommandExecutionTime,46.55970870901365
FramaCParsingTime,0.05745640001259744
TotalExecutionTime,240.88153472996783
