Metrics,LR,FT,MT,CT,SVM-L,SVM-Q,SVM-C,SVM-FG,SVM-MG,SVM-CG,SVM-K,SLRK,BOT,BAT,NNN,MNN,WNN,BNN,TNN
RMSE,9.88115,1.336,1.02298,1.16317,1.27679,1.13083,1.60253,3.36218,1.42053,2.27098,3.37689,2.21066,0.850479,0.809885,1.24931,1.75367,1.99297,1.39985,1.51153
MSE,97.6372,1.7849,1.0465,1.35297,1.63018,1.27877,2.56812,11.3042,2.0179,5.15733,11.4034,4.88701,0.723314,0.655914,1.56078,3.07537,3.97192,1.95958,2.28473
R2,-3.70057,0.914069,0.949618,0.934863,0.921518,0.938436,0.876362,0.455777,0.902852,0.751709,0.451005,0.764723,0.965177,0.968422,0.924859,0.851942,0.808779,0.90566,0.890006
MAE,8.88474,0.222698,0.214512,0.310554,0.72064,0.722753,0.887787,2.63858,0.93731,1.52797,2.24604,1.48655,0.551798,0.182397,0.613916,0.683391,1.19095,0.39285,0.335693
MAPE,81.5925,1.9623,1.91752,2.7041,6.9472,7.60892,9.47573,24.061,9.09675,13.4212,18.0252,13.7353,5.10494,1.7007,6.24702,6.82121,11.8563,2.89889,2.65534
RRMSE,86.8668,12.0066,10.2522,11.5421,12.1756,12.6807,18.3653,28.4126,13.9367,18.8361,23.1637,20.811,8.93507,8.95907,12.8947,19.5783,20.8105,10.7226,12.6633
