Metrics,LR,FT,MT,CT,SVM-L,SVM-Q,SVM-C,SVM-FG,SVM-MG,SVM-CG,SVM-K,SLRK,BOT,BAT,NNN,MNN,WNN,BNN,TNN
MSPE,0.8908969,0.005242499,0.005539021,0.01331899,0.02809455,0.02714278,0.05252882,0.09825165,0.03384203,0.0553629,0.07070424,0.06714426,0.006286583,0.003871865,0.02884189,0.1244954,0.08463679,0.1402468,0.01723711
MPE,-53.17333,-0.07227891,0.3174603,1.072257,3.192773,2.722932,2.410427,9.382695,4.330201,0.4422037,3.526218,7.71421,-3.609925,0.6057824,1.859325,4.514155,-1.20861,3.947988,0.8981575
NRMSEAve,102.276,6.806929,7.622193,9.527509,13.23059,11.87947,17.39316,51.73552,15.0073,44.53153,58.01247,24.89281,7.600273,5.531491,14.89107,26.57603,25.02168,30.13612,12.07608
NRMSEMaxMin,31.26723,2.080975,2.330213,2.912695,4.04478,3.631725,5.317338,15.81629,4.587947,13.61392,17.73524,7.610089,2.323512,1.691056,4.552414,8.124673,7.649486,9.213043,3.691829
NRMSESd,142.4519,9.480816,10.61633,13.27009,18.42781,16.54595,24.22552,72.0582,20.90245,62.02434,80.80085,34.67117,10.5858,7.704363,20.74056,37.01559,34.85066,41.97415,16.81978
NRMSEIQ,156.3362,10.40488,11.65107,14.56348,20.2239,18.15862,26.58669,79.08144,22.93973,68.06962,88.67621,38.05044,11.61756,8.455279,22.76207,40.62336,38.24743,46.06522,18.45915
