Metrics,LR,FT,MT,CT,SVM-L,SVM-Q,SVM-C,SVM-FG,SVM-MG,SVM-CG,SVM-K,SLRK,BOT,BAT,NNN,MNN,WNN,BNN,TNN
TestTime,0.010868,0.0064986,0.0059804,0.0058468,0.01079,0.012738,0.01194,0.013105,0.012726,0.013434,0.016275,0.015585,0.016988,0.019571,0.0096391,0.0072897,0.0069551,0.0067503,0.0066058
