Metrics,LR,FT,MT,CT,SVM-L,SVM-Q,SVM-C,SVM-FG,SVM-MG,SVM-CG,SVM-K,SLRK,BOT,BAT,NNN,MNN,WNN,BNN,TNN
TestTime,0.0089768,0.0054078,0.0049537,0.004711,0.010519,0.013506,0.01354,0.014723,0.013246,0.012099,0.013504,0.01192,0.014573,0.014667,0.0061383,0.0060003,0.0066461,0.0060463,0.0062195
