InputGenerationTime,0.03389537299517542
ProfilingTime,3.5107163980137557
SimulationTime,158.73311851196922
FramaCCommandExecutionTime,39.60123596305493
FramaCParsingTime,0.02953085594344884
TotalExecutionTime,201.92288301407825
