Metrics,LR,FT,MT,CT,SVM-L,SVM-Q,SVM-C,SVM-FG,SVM-MG,SVM-CG,SVM-K,SLRK,BOT,BAT,NNN,MNN,WNN,BNN,TNN
RMSE,4.2964,0.28573,0.388672,0.465808,1.42165,0.243979,0.144523,3.52234,1.35754,4.12873,2.14844,0.951524,0.257454,0.314918,0.0678126,0.0137702,0.00452605,0.00273253,0.00595436
MSE,18.4591,0.0816419,0.151066,0.216977,2.0211,0.0595258,0.0208868,12.4069,1.84292,17.0464,4.61578,0.905397,0.0662827,0.0991731,0.00459855,0.000189617,2.04851e-05,7.46674e-06,3.54545e-05
R2,-0.0498787,0.995357,0.991408,0.987659,0.885048,0.996614,0.998812,0.294344,0.895182,0.0304681,0.737473,0.948505,0.99623,0.994359,0.999738,0.999989,0.999999,1,0.999998
MAE,1.86902,0.0361806,0.0632468,0.107112,0.632715,0.0845636,0.0693587,1.22828,0.510942,1.44603,0.691616,0.458996,0.0842223,0.0582466,0.0215293,0.00900652,0.002437,0.00069657,0.00175811
MAPE,90.9263,3.40292,4.54301,8.88023,46.0155,2.34823,1.42163,77.9582,41.8326,93.5233,37.9534,16.1647,5.33309,3.83486,0.802846,0.132627,0.0349122,0.0487129,0.110445
RRMSE,91.5791,11.3483,12.108,14.0034,52.8027,5.20187,2.60596,78.8886,53.4674,93.6527,49.2923,22.8313,6.33284,7.73837,2.32935,0.180369,0.0544863,0.110148,0.144479
