Metrics,LR,FT,MT,CT,SVM-L,SVM-Q,SVM-C,SVM-FG,SVM-MG,SVM-CG,SVM-K,SLRK,BOT,BAT,NNN,MNN,WNN,BNN,TNN
MSPE,0.8386738,0.0128784,0.01466039,0.01960949,0.2788121,0.002705943,0.0006791042,0.6223407,0.2858768,0.8770822,0.2429732,0.05212701,0.00401049,0.005988233,0.0005425882,3.253282e-06,2.968761e-07,1.213267e-06,2.087407e-06
MPE,-13.26009,-0.06735698,-0.246401,-0.29266,-6.710594,-0.2137147,-0.136367,-11.3689,-5.939682,-13.63881,-5.508875,-2.34371,-0.7608678,-0.2191568,-0.009051872,0.000939692,-0.0002709407,0.0001147823,0.0001991027
NRMSEAve,287.7972,19.13984,26.03542,31.20248,95.23042,16.34309,9.680937,235.9465,90.93575,276.5655,143.9144,63.73842,17.24574,21.09496,4.54247,0.9224035,0.3031804,0.1830405,0.3988569
NRMSEMaxMin,23.8689,1.587391,2.159287,2.587825,7.898078,1.355439,0.8029031,19.56858,7.541893,22.93738,11.93576,5.286242,1.430302,1.749543,0.3767366,0.07650092,0.02514473,0.01518074,0.0330798
NRMSESd,102.4331,6.812271,9.266555,11.10562,33.89451,5.816851,3.445649,83.97834,32.36595,98.4355,51.22216,22.68585,6.138123,7.508142,1.616761,0.3283028,0.1079083,0.06514798,0.1419616
NRMSEIQ,Inf,Inf,Inf,Inf,Inf,Inf,Inf,Inf,Inf,Inf,Inf,Inf,Inf,Inf,Inf,Inf,Inf,Inf,Inf
