Metrics,LR,FT,MT,CT,SVM-L,SVM-Q,SVM-C,SVM-FG,SVM-MG,SVM-CG,SVM-K,SLRK,BOT,BAT,NNN,MNN,WNN,BNN,TNN
TrainTime,0.708093,0.178464,0.130462,0.138133,1.16092,2.46663,2.04579,1.04555,0.786425,0.733708,12.9111,4.8312,1.71119,1.73817,10.7501,13.5207,37.141,11.5366,13.7079
