InputGenerationTime,0.03412982200097758
ProfilingTime,3.73107645699929
SimulationTime,174.60003614900052
FramaCCommandExecutionTime,36.61319186699984
FramaCParsingTime,0.02608703799705836
TotalExecutionTime,215.04095223400145
