Metrics,LR,FT,MT,CT,SVM-L,SVM-Q,SVM-C,SVM-FG,SVM-MG,SVM-CG,SVM-K,SLRK,BOT,BAT,NNN,MNN,WNN,BNN,TNN
RMSE,9532.81266645,120.50928021,147.423996451,193.562970812,445.575332793,251.863436741,244.322640136,6660.21310813,1153.54189397,8057.32039526,9965.70774784,1715.10059555,496.188493255,122.240084309,96.2402412065,53.5068702876,25.5825966043,77.2977550736,50.4085146303
MSE,90874517.3337,14522.4866167,21733.8347297,37466.6236697,198537.377193,63435.190767,59693.5524828,44358438.6457,1330658.90115,64920411.9519,99315330.9154,2941570.05286,246203.020838,14942.6382118,9262.18402748,2862.98516798,654.469249017,5974.94293941,2541.01834723
R2,0.00277607834157,0.999840635511,0.999761500798,0.99958885489,0.997821322988,0.999303885274,0.999344944653,0.513226617948,0.985397832894,0.287586996863,-0.0898503417917,0.967720279458,0.997298257541,0.99983602492,0.999898360159,0.999968582641,0.999992818092,0.999934433148,0.999972115788
MAE,4393.05457709,33.038494773,44.6621438561,64.783401173,306.248085173,212.844460225,220.659085771,1707.67142854,456.715133333,2321.95943026,4120.23809436,905.988069082,252.255998978,35.6497414267,35.7058951277,20.4268569897,7.34851946027,38.1877734222,26.9995327443
MAPE,71.4082491567,0.701258621273,0.874023367561,1.18500994091,8.51434939993,6.32173706205,7.04012539414,12.9032284898,8.54906156572,16.6415080424,44.8305592364,20.7973547888,4.25836377294,0.700377483553,0.814173738763,0.514479179316,0.192497071841,0.912080119221,0.587854279398
RRMSE,95.4439662743,1.65464823893,2.0145014351,2.70218286328,12.1612663392,8.94153284396,9.61140548953,19.5674450782,10.9395763167,24.6906244594,60.298616176,33.0354884599,4.55394377593,2.41157768111,1.47618912616,0.900721875123,0.402690330714,1.5168519871,0.996228850755
