Metrics,LR,FT,MT,CT,SVM-L,SVM-Q,SVM-C,SVM-FG,SVM-MG,SVM-CG,SVM-K,SLRK,BOT,BAT,NNN,MNN,WNN,BNN,TNN
RMSE,9453.6437796,97.7629268554,131.15772663,186.83001747,485.266703575,245.183346769,243.391303934,6310.5298479,1061.70416674,7998.54100352,9793.39399097,2314.88989893,488.885965072,119.380410644,92.5357261846,54.9276056584,24.548611135,88.9389364504,102.540681471
MSE,89371380.7116,9557.58986733,17202.3492547,34905.4554277,235483.773599,60114.873533,59239.3268308,39822786.9613,1127215.73767,63976658.185,95910565.8623,5358715.24418,239009.486844,14251.6824454,8562.86062052,3017.04186337,602.634308655,7910.13441693,10514.5913566
R2,-0.00967179503632,0.999892023276,0.999805656725,0.999605656156,0.9973396257,0.999320853144,0.999330744619,0.550102678571,0.987265297591,0.277224690995,-0.0835481384091,0.939459997187,0.997299794009,0.999838991837,0.999903261214,0.999965915016,0.999993191748,0.999910635378,0.999881211566
MAE,4358.69360863,22.6395374327,37.4313486733,58.9370484721,338.249185597,213.377381918,216.683965459,1586.49179356,433.365940661,2266.96856748,4030.64015799,1186.86542998,248.545615775,35.2396458325,37.6635988147,16.5615909908,10.2716156749,35.7213176559,40.5256630161
MAPE,73.4963191846,0.475145350223,0.712637388558,1.04864390701,9.6030643195,6.68226463001,6.90716048556,12.7867741977,8.64975546451,16.4959902937,44.9421167635,27.113691511,4.28172118247,0.647484688213,0.886550948182,0.41934077616,0.276654061571,0.823881519811,0.771525898534
RRMSE,100.864307238,1.23082072659,1.74395873163,2.57958834375,13.5391945848,9.24622709141,9.56398622411,19.0421055765,11.252728458,24.5098250614,61.08821921,40.1822128106,4.55583057455,1.54416047897,1.52485587072,0.806215406573,0.467610753037,1.37248405889,1.49189703383
