Metrics,LR,FT,MT,CT,SVM-L,SVM-Q,SVM-C,SVM-FG,SVM-MG,SVM-CG,SVM-K,SLRK,BOT,BAT,NNN,MNN,WNN,BNN,TNN
MSPE,1.017361,0.000151492,0.0003041392,0.0006654276,0.01833098,0.008549272,0.009146983,0.03626018,0.01266239,0.06007315,0.3731771,0.161461,0.002075559,0.0002384432,0.0002325185,6.499833e-05,2.186598e-05,0.0001883712,0.0002225757
MPE,-20.1227,0.01303678,0.02644593,0.05584398,0.4998024,-1.425317,2.314186,1.150531,0.5160113,-3.831083,-8.877471,13.9518,-3.470441,0.03572539,0.02922528,-0.00133377,-0.008856425,0.02197903,0.05828931
NRMSEAve,169.597,1.753853,2.352951,3.351704,8.705616,4.398555,4.366406,113.21,19.04682,143.4927,175.6921,41.5288,8.770545,2.141668,1.660078,0.9853935,0.4403986,1.595552,1.839565
NRMSEMaxMin,20.94573,0.2166059,0.2905963,0.4139452,1.075169,0.5432343,0.5392638,13.98177,2.352338,17.72176,21.69848,5.128927,1.083188,0.2645022,0.2050244,0.121699,0.05439051,0.1970553,0.2271917
NRMSESd,100.4525,1.038809,1.393656,1.985218,5.156346,2.605269,2.586227,67.05442,11.28145,84.99089,104.0626,24.59755,5.194804,1.268512,0.983266,0.5836497,0.2608486,0.9450472,1.089577
NRMSEIQ,245.6768,2.540617,3.408465,4.85525,12.61088,6.371709,6.325138,163.9951,27.59106,207.8623,254.5061,60.15826,12.70494,3.102402,2.404775,1.427433,0.6379577,2.311303,2.664779
