Metrics,LR,FT,MT,CT,SVM-L,SVM-Q,SVM-C,SVM-FG,SVM-MG,SVM-CG,SVM-K,SLRK,BOT,BAT,NNN,MNN,WNN,BNN,TNN
TrainTime,0.57115,0.187545,0.151338,0.157857,1.60582,1.75434,1.59302,0.968953,0.974568,0.867002,2.45476,5.85325,2.13091,2.27989,10.322,12.8467,38.7463,11.4593,13.069
