Metrics,LR,FT,MT,CT,SVM-L,SVM-Q,SVM-C,SVM-FG,SVM-MG,SVM-CG,SVM-K,SLRK,BOT,BAT,NNN,MNN,WNN,BNN,TNN
TrainTime,0.54627,0.15945,0.15168,0.138174,1.73207,2.06635,1.88148,1.0593,1.02532,0.953685,2.66638,5.83843,2.79701,2.40085,10.5776,12.9472,36.4513,12.3628,13.6056
