InputGenerationTime,0.03403406706638634
ProfilingTime,3.7704534030053765
SimulationTime,200.5175029860111
FramaCCommandExecutionTime,39.94470694893971
FramaCParsingTime,0.026684980024583638
TotalExecutionTime,244.308466262999
