Metrics,LR,FT,MT,CT,SVM-L,SVM-Q,SVM-C,SVM-FG,SVM-MG,SVM-CG,SVM-K,SLRK,BOT,BAT,NNN,MNN,WNN,BNN,TNN
RMSE,3.205141252460623,0.2598171670953641,0.4410938330602339,0.5477074635318251,0.8986833371471585,0.2735626572977461,0.2611142683605742,2.329563411490836,0.9708656932873416,3.040902309402699,1.959926373025351,0.8128247338337181,0.2033634992772504,0.3394932158202294,0.04468762552962044,0.009229595836090437,0.005588511445572522,0.001556598847223474,0.04224100604388947
MSE,10.27293044822485,0.06750496031746032,0.1945637695637695,0.2999834656084656,0.8076317404659534,0.07483652746780407,0.06818066114147796,5.426865688156822,0.9425801944023104,9.247086855330664,3.841311387680306,0.6606840479318548,0.04135671283828823,0.1152556435879609,0.001996983875475585,8.518543929757792e-05,3.123146017729507e-05,2.422999971177448e-06,0.001784302591599907
R2,-0.01971889342302791,0.9932992748483583,0.9806870733915984,0.9702228289058135,0.9198322865289558,0.9925715236405326,0.9932322029548977,0.4613146168784856,0.9064369375766118,0.08210911939603305,0.6187010301217897,0.9344187123961563,0.9958948206975975,0.9885594127272045,0.9998017739730697,0.9999915442626295,0.999996899880694,0.9999997594864618,0.9998228852932074
MAE,1.371301863195672,0.03522817460317514,0.08279220779220842,0.1159722222222229,0.305258059986638,0.08156837021372147,0.08024786847804753,0.7454678721430642,0.3559443060762734,0.997466761947685,0.5612101266254006,0.4107785383889672,0.06675893048734118,0.07379166944598547,0.0163819658355905,0.00403926743173195,0.002934875191996208,0.0004026120103891592,0.003999336007049096
MAPE,1.912068158773732e+17,1641937364145495,7603479890365777,1.425246310646019e+16,4.71549659954729e+16,2.774894904485188e+16,2.778683150250044e+16,2.750023885603824e+16,2.564908499720461e+16,2.298873983463605e+16,3.288895929589959e+16,1.012738150377829e+17,3285012188873192,9541408658332618,5164411816053273,1225789171146205,1049959621359889,10939663819916.16,815554723981805.9
RRMSE,3.813017437713193e+17,3.299157532098536e+16,9.292164404786338e+16,1.293893172834923e+17,1.588337538871919e+17,9.772811638484003e+16,9.402102651733306e+16,3.008690827826595e+16,4.476615021394533e+16,3.249428263769691e+16,9.340251068934291e+16,1.857262451355592e+17,3.268896970152864e+16,8.773137649357779e+16,1.155431894948124e+16,3442308243428576,2122545886819098,116869502681585.8,886712619712438.5
