Metrics,LR,FT,MT,CT,SVM-L,SVM-Q,SVM-C,SVM-FG,SVM-MG,SVM-CG,SVM-K,SLRK,BOT,BAT,NNN,MNN,WNN,BNN,TNN
RMSE,3.20514,0.259817,0.441094,0.547707,0.898683,0.273563,0.261114,2.32956,0.970866,3.0409,1.95993,0.812825,0.203363,0.339493,0.0446876,0.0092296,0.00558851,0.0015566,0.042241
MSE,10.2729,0.067505,0.194564,0.299983,0.807632,0.0748365,0.0681807,5.42687,0.94258,9.24709,3.84131,0.660684,0.0413567,0.115256,0.00199698,8.51854e-05,3.12315e-05,2.423e-06,0.0017843
R2,-0.0197189,0.993299,0.980687,0.970223,0.919832,0.992572,0.993232,0.461315,0.906437,0.0821091,0.618701,0.934419,0.995895,0.988559,0.999802,0.999992,0.999997,1,0.999823
MAE,1.3713,0.0352282,0.0827922,0.115972,0.305258,0.0815684,0.0802479,0.745468,0.355944,0.997467,0.56121,0.410779,0.0667589,0.0737917,0.016382,0.00403927,0.00293488,0.000402612,0.00399934
MAPE,88.8475,12.1415,21.8641,24.4381,31.4003,4.78625,4.77296,61.228,44.1703,88.0558,34.5281,19.4987,8.41852,15.8239,1.44259,0.183003,0.0614225,0.0606996,1.33182
RRMSE,92.9918,43.1273,68.1879,59.2801,43.4962,30.6916,31.4624,66.2581,55.4053,89.9412,47.1063,27.2746,13.2442,38.0778,8.37402,0.398224,0.0963536,0.100973,11.2989
