Metrics,LR,FT,MT,CT,SVM-L,SVM-Q,SVM-C,SVM-FG,SVM-MG,SVM-CG,SVM-K,SLRK,BOT,BAT,NNN,MNN,WNN,BNN,TNN
MSPE,0.8647477,0.1859962,0.4649586,0.3514132,0.189192,0.09419713,0.09898804,0.4390142,0.3069751,0.8089423,0.2219008,0.07439044,0.01754085,0.1449922,0.007012413,1.585825e-05,9.284015e-07,1.019554e-06,0.01276655
MPE,-10.47623,0.7156085,1.297175,1.372906,-4.347898,0.06647238,0.08171365,-8.528189,-5.810381,-12.26492,-4.765219,-2.141017,-0.4535657,0.7696201,-0.106146,-0.001282,0.0007251211,-0.0001853847,-0.1781485
NRMSEAve,309.2842,25.07139,42.56391,52.85173,86.71959,26.39778,25.19655,224.7942,93.68491,293.4357,189.1256,78.43455,19.62382,32.75983,4.312189,0.8906215,0.5392705,0.150206,4.076099
NRMSEMaxMin,22.89387,1.855837,3.15067,3.912196,6.419167,1.954019,1.865102,16.63974,6.934755,21.72073,13.99947,5.805891,1.452596,2.424952,0.3191973,0.06592568,0.03991794,0.01111856,0.3017215
NRMSESd,100.9511,8.183359,13.89296,17.25093,28.30548,8.616295,8.224213,73.37334,30.57897,95.7781,61.73103,25.60122,6.40526,10.69288,1.407509,0.2907009,0.1760191,0.04902758,1.330448
NRMSEIQ,Inf,Inf,Inf,Inf,Inf,Inf,Inf,Inf,Inf,Inf,Inf,Inf,Inf,Inf,Inf,Inf,Inf,Inf,Inf
