Metrics,LR,FT,MT,CT,SVM-L,SVM-Q,SVM-C,SVM-FG,SVM-MG,SVM-CG,SVM-K,SLRK,BOT,BAT,NNN,MNN,WNN,BNN,TNN
MSPE,1.453910198030488e+31,1.088444042160251e+29,8.634431932557822e+29,1.674159542708823e+30,2.522816137389704e+30,9.550784732128839e+29,8.839953427373047e+29,9.052220497447883e+28,2.004008204977517e+29,1.055878404138531e+29,8.724029003072817e+29,3.449423813215382e+30,1.068568740147458e+29,7.696794421457896e+29,1.335022863863413e+28,1.184948604277632e+27,4.505201041652671e+26,1.36584806570412e+24,7.862592699572954e+25
MPE,1.910998270659285e+17,1641937364145494,7603479890365777,1.425246310646019e+16,3189023347399854,7104496739961648,9696533517994610,2.723566066974474e+16,1.153474012512304e+16,1.05640130070841e+16,1.853731195370971e+16,8.06550408433312e+16,3285012188873190,9541408658332618,623672315699650.2,41607701180776.26,23109792865543.05,5267420450774.008,807226253270218.4
NRMSEAve,3.09284164510847,0.2507138660081629,0.4256390807244072,0.5285172537239897,0.8671958681259198,0.2639777508674402,0.25196552030199,2.247941718153132,0.9368491468826731,2.934357196896343,1.891255776382877,0.7843455214478152,0.1962381842537511,0.3275982783331334,0.0431218902296165,0.008906215396112541,0.005392704898656999,0.001502059772162801,0.04076099377009437
NRMSEMaxMin,0.2289386608900445,0.01855836907824029,0.03150670236144528,0.03912196168084465,0.06419166693908275,0.01954018980698186,0.01865101916861244,0.1663973865350597,0.0693475495205244,0.2172073078144785,0.1399947409303822,0.05805890955955129,0.01452596423408932,0.02424951541573067,0.003191973252115746,0.0006592568454350312,0.0003991793889694658,0.0001111856319445339,0.003017214717420676
NRMSESd,1.009510731934648,0.08183359105383144,0.1389295894284356,0.1725092652224304,0.2830547554696408,0.08616295403100266,0.08224213393681058,0.7337334237038221,0.3057897482328775,0.9577810381212191,0.6173102997728646,0.2560122089337288,0.06405260137803881,0.1069288426918519,0.0140750856213264,0.002907009493200832,0.001760191465981072,0.0004902758155768687,0.01330448350639318
NRMSEIQ,Inf,Inf,Inf,Inf,Inf,Inf,Inf,Inf,Inf,Inf,Inf,Inf,Inf,Inf,Inf,Inf,Inf,Inf,Inf
