Metrics,LR,FT,MT,CT,SVM-L,SVM-Q,SVM-C,SVM-FG,SVM-MG,SVM-CG,SVM-K,SLRK,BOT,BAT,NNN,MNN,WNN,BNN,TNN
TrainTime,0.575325,0.163294,0.139413,0.123459,1.19083,2.76973,1.87971,0.892717,0.724427,0.650079,12.6956,5.07707,1.6594,1.92071,10.4065,12.6946,36.5441,12.3335,14.0172
