Metrics,LR,FT,MT,CT,SVM-L,SVM-Q,SVM-C,SVM-FG,SVM-MG,SVM-CG,SVM-K,SLRK,BOT,BAT,NNN,MNN,WNN,BNN,TNN
TrainTime,1.80452,0.89086,0.261143,0.233013,1.76623,2.84426,2.08503,1.03909,0.877582,0.776574,14.2503,5.23469,2.40179,2.54227,12.4747,14.0061,41.4586,13.2608,14.6426
