Metrics,LR,FT,MT,CT,SVM-L,SVM-Q,SVM-C,SVM-FG,SVM-MG,SVM-CG,SVM-K,SLRK,BOT,BAT,NNN,MNN,WNN,BNN,TNN
RMSE,1383.9764018,215.62287038,383.99487641,679.95224936,941.62199825,387.15976616,175.25579506,1540.0498918,855.30528198,1081.8978949,2076.0723089,770.67088461,266.73396856,324.28859122,74.84904891,59.946176595,55.343417775,84.389878122,94.716618048
MSE,1915390.6807,46493.222231,147452.06511,462335.0614,886651.98759,149892.68453,30714.593704,2371753.6692,731547.12538,1170503.055,4310076.232,593933.61238,71147.009985,105163.0904,5602.3801227,3593.5440884,3062.893891,7121.6515294,8971.2377345
R2,0.48905462213,0.98759757096,0.96066601353,0.87666852249,0.76347867858,0.96001495929,0.99180664298,0.36731624158,0.80485410826,0.68775919621,-0.1497463944,0.84156358436,0.98102098111,0.97194692681,0.99850552148,0.99904139413,0.99918294921,0.998100244,0.99760685248
MAE,801.21567532,72.449256072,151.38361821,313.85330263,363.79360573,114.06453684,81.365710102,559.64009624,286.1730414,433.73304808,1006.7959911,447.25771668,145.35868003,117.17906924,37.279260095,22.898060918,12.830834856,42.834504805,43.24673098
MAPE,469.58643326,12.965705926,19.745717758,42.371563058,98.245631795,60.084217123,54.892505021,73.844907241,64.201979702,77.165306986,354.69496289,273.26887318,80.498522375,22.096063972,18.404917479,23.007298664,10.353904628,23.728470121,19.842033758
RRMSE,1662.6688343,33.849704574,41.621773242,106.6944119,329.15086023,150.51386037,123.13006238,153.92817665,150.79855999,188.11830831,865.97885234,884.86026925,267.06989339,123.53375181,42.483973247,81.883027478,32.241032887,55.785014063,48.442942599
