Metrics,LR,FT,MT,CT,SVM-L,SVM-Q,SVM-C,SVM-FG,SVM-MG,SVM-CG,SVM-K,SLRK,BOT,BAT,NNN,MNN,WNN,BNN,TNN
RMSE,13441.54634561,1093.457852796,3258.858537497,6086.302279938,12762.74576742,6680.785039712,259.1613333586,14905.6114882,12169.03775019,13929.36232213,15650.21338244,6550.690634056,1034.087193463,1598.50993615,540.4670390634,72.2672823364,58.29430675431,590.3501476761,313.5888935221
MSE,180675168.1612,1195650.075842,10620158.96742,37043075.44278,162887679.5239,44632888.74684,67164.59670821,222177253.8373,148085479.7656,194027134.7013,244929178.9159,42911547.7831,1069336.323683,2555234.015972,292104.6203139,5222.560096289,3398.226199965,348513.2968611,98337.99414042
R2,0.1999279384906,0.9947053807628,0.9529714428103,0.8359645653811,0.2786951141238,0.8023550902194,0.9997025793976,0.01614695972212,0.3442427297483,0.140802296026,-0.08460390596806,0.809977592124,0.9952647277119,0.9886848238881,0.9987064921642,0.9999768732778,0.9999849518566,0.9984567013015,0.9995645362753
MAE,5591.899049873,300.2189720595,852.1048478647,1635.850445458,3226.637650364,1376.948715916,132.0434508073,3880.35572733,2785.680122211,3534.452939246,4697.189460102,2790.924913393,463.129228002,478.0553402025,228.0168861692,38.86867871035,24.97916098345,290.5222046743,217.6961484377
MAPE,1447.14550688,33.39364882741,37.26390804144,58.94275509286,184.5864552068,107.1818069513,78.97691775624,114.7808991811,95.24804138162,115.3382514305,399.7957667968,1098.421080338,185.9197366884,54.42009822501,64.16744811166,27.88365407925,22.18684033823,147.43213567,143.3664107456
RRMSE,5158.83920349,157.8522700762,158.9601831299,225.3482203853,648.0776273768,270.4671238695,210.9433943595,257.2138702532,258.0119430118,243.2924658586,998.7906082615,3746.489650294,493.4414580683,326.841466501,140.8272497438,99.95238496456,58.74731113748,410.3316647458,397.6597338897
