Metrics,LR,FT,MT,CT,SVM-L,SVM-Q,SVM-C,SVM-FG,SVM-MG,SVM-CG,SVM-K,SLRK,BOT,BAT,NNN,MNN,WNN,BNN,TNN
MSPE,276.4468,0.1145802,0.1732372,1.13837,10.83403,2.265442,1.516101,2.369388,2.274021,3.53885,74.99194,78.29777,7.132633,1.526059,0.1804888,0.670483,0.1039484,0.3111968,0.2346719
MPE,432.1005,5.032573,7.947348,24.69054,-23.64576,-6.195825,9.545553,21.14707,-10.99067,49.45935,293.2067,256.7963,64.82632,16.09793,2.139102,-1.335987,-1.862983,5.343347,5.544222
NRMSEAve,119.4811,18.6151,33.15095,58.70146,81.29187,33.42418,15.13014,132.9552,73.84,93.40213,179.2309,66.53336,23.02761,27.9964,6.461849,5.175258,4.777894,7.285525,8.177051
NRMSEMaxMin,13.95419,2.174056,3.871697,6.85574,9.494071,3.903607,1.767048,15.52783,8.623768,10.90843,20.93237,7.770426,2.689393,3.269697,0.7546789,0.604418,0.5580099,0.850876,0.9549972
NRMSESd,71.44722,11.13144,19.82358,35.10226,48.61085,19.98697,9.047509,79.50445,44.15479,55.85254,107.1764,39.78557,13.77003,16.74127,3.864052,3.094697,2.857081,4.356593,4.889707
NRMSEIQ,124.0122,19.32105,34.40814,60.92762,84.37473,34.69174,15.70392,137.9973,76.64026,96.94426,186.028,69.05653,23.90089,29.05812,6.706904,5.371521,4.959088,7.561817,8.487152
