Metrics,LR,FT,MT,CT,SVM-L,SVM-Q,SVM-C,SVM-FG,SVM-MG,SVM-CG,SVM-K,SLRK,BOT,BAT,NNN,MNN,WNN,BNN,TNN
MSPE,2661.3622,2.4917339,2.526834,5.078182,42.000461,7.3152465,4.4497116,6.6158975,6.6570163,5.9191224,99.758268,1403.6185,24.348447,10.682534,1.9832314,0.99904793,0.34512466,16.837208,15.813326
MPE,1425.7233,21.304779,23.219128,41.168883,-18.320837,2.7216569,5.7331818,41.351791,8.8708885,31.780922,331.12629,1009.7495,166.45203,47.621484,-3.2085795,-9.330466,-2.631557,117.42735,115.63947
NRMSEAve,275.357,22.400048,66.759396,124.68104,261.45142,136.85932,5.3090534,305.34913,249.28901,285.35016,320.60268,134.19427,21.183809,32.7463,11.071746,1.4804325,1.1941889,12.093627,6.4240301
NRMSEMaxMin,11.467918,0.93290492,2.7803588,5.1926476,10.888786,5.6998422,0.22110855,12.717013,10.382252,11.884107,13.352285,5.5888496,0.88225168,1.3638,0.46111001,0.061656243,0.049734926,0.50366875,0.26754449
NRMSESd,89.409501,7.2733835,21.677038,40.484423,84.894305,44.43876,1.7238705,99.148063,80.945121,92.65432,104.10095,43.573408,6.878466,10.632852,3.5950394,0.48070226,0.38775783,3.9268482,2.0859078
NRMSEIQ,671.48976,54.625096,162.80048,304.04907,637.57941,333.74722,12.946738,744.62902,607.91996,695.85924,781.82657,327.24819,51.659158,79.855623,26.999727,3.6102052,2.9121672,29.491702,15.665737
