Metrics,LR,FT,MT,CT,SVM-L,SVM-Q,SVM-C,SVM-FG,SVM-MG,SVM-CG,SVM-K,SLRK,BOT,BAT,NNN,MNN,WNN,BNN,TNN
TrainTime,0.483333,0.144027,0.126209,0.114361,0.590357,0.842748,1.08571,0.627058,0.531638,0.457266,1.38338,2.52845,1.64916,1.80138,5.50274,8.25118,19.4075,7.40033,9.06783
