Metrics,LR,FT,MT,CT,SVM-L,SVM-Q,SVM-C,SVM-FG,SVM-MG,SVM-CG,SVM-K,SLRK,BOT,BAT,NNN,MNN,WNN,BNN,TNN
TrainTime,0.597155,0.180189,0.141148,0.123983,0.73507,1.04129,1.06981,0.625961,0.56602,0.473563,1.37887,2.09642,1.83891,1.99662,5.38751,8.08168,19.6346,7.21023,8.87569
