InputGenerationTime,0.03331777302082628
ProfilingTime,3.8978697700658813
SimulationTime,146.07430326589383
FramaCCommandExecutionTime,43.94118401699234
FramaCParsingTime,0.03449484799057245
TotalExecutionTime,193.99588981701527
