InputGenerationTime,0.05635805299971253
ProfilingTime,3.524127204087563
SimulationTime,160.03357646102086
FramaCCommandExecutionTime,40.06502015690785
FramaCParsingTime,0.0322824539616704
TotalExecutionTime,203.72537214495242
