InputGenerationTime,0.08680847298819572
ProfilingTime,9.848028650972992
SimulationTime,301.5289076829795
FramaCCommandExecutionTime,47.20337337895762
FramaCParsingTime,0.07769306702539325
TotalExecutionTime,358.76348043605685
