InputGenerationTime,0.08176681096665561
ProfilingTime,3.590277192008216
SimulationTime,125.15707376599312
FramaCCommandExecutionTime,36.96907963702688
FramaCParsingTime,0.029995804012287408
TotalExecutionTime,165.84291383298114
