Metrics,LR,FT,MT,CT,SVM-L,SVM-Q,SVM-C,SVM-FG,SVM-MG,SVM-CG,SVM-K,SLRK,BOT,BAT,NNN,MNN,WNN,BNN,TNN
RMSE,751.1929818,1.954918457,2.307072935,2.448626528,381.1799216,146.6307101,185.7648621,313.1017929,373.7847618,594.2957913,593.9014882,85.76645216,31.91352185,14.20167903,2.230166697,1.326962292,0.45106495,1.559984514,2.224745215
MSE,564290.8959,3.821706174,5.322585527,5.995771875,145298.1326,21500.56516,34508.58399,98032.73273,139715.0481,353187.4876,352718.9777,7355.884317,1018.472877,201.6876871,4.973643498,1.760828925,0.2034595891,2.433551683,4.94949127
R2,-0.7911115103,0.9999878696,0.9999831056,0.9999809689,0.5388102845,0.931755217,0.8904665617,0.6888350366,0.5565315111,-0.1210497617,-0.1195626679,0.9766517426,0.9967672729,0.9993598246,0.9999842132,0.999994411,0.9999993542,0.9999922757,0.9999842899
MAE,498.7335755,0.6944524317,0.7614563013,0.8082365978,136.8324307,42.32952374,59.93178699,86.86562828,154.8566103,270.5873076,271.0978394,46.38855297,21.17191519,3.052446775,0.7288220409,0.6209629923,0.2338130177,0.6095441004,0.7617831531
MAPE,99.67288218,0.3229528683,0.3539753795,0.3759046967,34.69913834,7.301008643,13.06334492,6.963685974,29.47363758,19.40425046,19.47972098,13.89047323,4.229821538,0.8940793491,0.3048429613,0.2641767997,0.08849193514,0.258731833,0.333690013
RRMSE,99.78465319,0.8211651716,0.9346674429,0.9895013029,108.9482347,21.08247442,40.07083835,19.94647501,83.20356992,36.97123079,36.8554245,28.0916115,4.298370439,5.174355259,0.8733738581,0.5551592918,0.1974600486,0.6688033953,0.8912055021
