Metrics,LR,FT,MT,CT,SVM-L,SVM-Q,SVM-C,SVM-FG,SVM-MG,SVM-CG,SVM-K,SLRK,BOT,BAT,NNN,MNN,WNN,BNN,TNN
MSPE,0.9956977,6.7431224e-05,8.7360323e-05,9.7911283e-05,1.1869718,0.044447073,0.16056721,0.039786187,0.6922834,0.13668719,0.13583223,0.078913864,0.0018475988,0.0026773952,7.627819e-05,3.0820184e-05,3.8990471e-06,4.4729798e-05,7.9424725e-05
MPE,-99.568949,0.0070904182,0.0099130255,0.011318664,25.706321,1.9003394,7.7090105,-4.0508104,16.290797,-13.962616,-15.663326,4.9545528,-4.2298215,0.47422703,0.0078436593,0.0064791285,-0.00075256903,0.0079101243,0.0063636668
NRMSEAve,150.40652,0.3914207,0.46193031,0.49027267,76.321194,29.35892,37.194498,62.69035,74.840509,118.99201,118.91306,17.172463,6.3898383,2.8435105,0.44653187,0.26568909,0.090313821,0.31234562,0.44544636
NRMSEMaxMin,52.388727,0.13633739,0.16089689,0.17076894,26.583756,10.226129,12.955372,21.835939,26.068012,41.446606,41.419108,5.9814127,2.2256715,0.99043508,0.15553339,0.092543284,0.031457587,0.10879442,0.1551553
NRMSESd,133.79258,0.34818427,0.41090537,0.43611703,67.890736,26.115926,33.085985,55.765558,66.573607,105.84812,105.77789,15.275588,5.6840152,2.5294156,0.39720785,0.23634101,0.080337734,0.27784385,0.39624225
NRMSEIQ,1523.72,3.9653571,4.6796674,4.9667947,773.18546,297.42577,376.8055,635.09576,758.18511,1205.4697,1204.6699,173.96869,64.733396,28.80669,4.5236707,2.6916107,0.91494027,3.164273,4.5126738
