Metrics,LR,FT,MT,CT,SVM-L,SVM-Q,SVM-C,SVM-FG,SVM-MG,SVM-CG,SVM-K,SLRK,BOT,BAT,NNN,MNN,WNN,BNN,TNN
TrainTime,0.400943,0.108363,0.107403,0.124295,0.832114,1.72619,1.58201,0.798368,0.701023,0.643158,4.61696,5.20043,1.6661,1.67124,9.43655,11.6559,32.1401,11.3754,13.0038
