Metrics,LR,FT,MT,CT,SVM-L,SVM-Q,SVM-C,SVM-FG,SVM-MG,SVM-CG,SVM-K,SLRK,BOT,BAT,NNN,MNN,WNN,BNN,TNN
RMSE,10374.76864972,325.9779610994,364.8691470341,374.0860133958,3516.019125672,532.8687724217,1139.342184158,9844.975536659,3904.376409871,9114.027456264,10584.65595447,4278.107810911,572.558676558,236.3815094508,922.3288163482,667.0964567108,1179.557842927,561.4962960393,611.0260166688
MSE,107635824.5352,106261.6311225,133129.4944574,139940.3454183,12362390.49209,283949.1286222,1298100.612601,96923543.31741,15244155.14996,83065496.47354,112034941.6745,18302206.44178,327823.4381018,55876.21801026,850690.4454662,445017.6825562,1391356.70481,315278.0904658,373352.7930462
R2,-0.06152572755961,0.9989520268389,0.9986870506723,0.998619880717,0.8780796670796,0.9971996376982,0.9871978757706,0.04412090229329,0.8496591357342,0.1807916931012,-0.1049106883012,0.8195000308406,0.996766940606,0.9994489377191,0.991610323069,0.9956111478563,0.9862781657989,0.9968906652984,0.9963179211291
MAE,4629.254923962,87.40314424805,102.0838182886,128.2212912886,942.1284398307,321.7510066788,486.1028440494,3514.045312428,1343.185976423,2785.772020793,4154.847951026,1734.518132134,294.3017731413,67.42330333322,317.4719217127,327.4127110436,561.489093323,209.0281191713,180.6155806455
MAPE,82.17052276652,2.969996899142,3.121591201419,3.489312954987,13.50248648158,9.878054653195,15.07935659922,41.54389887671,17.76111407167,20.83991649378,39.70628917341,38.81591121742,5.643414970451,1.898298666364,9.419765909231,9.972995502094,17.160363849,9.019732205919,5.201153698933
RRMSE,136.8827791605,12.51327173336,10.60535709551,8.723370260245,35.82679236086,14.92298219942,34.09656618926,50.71570990332,28.93131002338,32.75894354749,53.24717149467,68.91513869768,8.592063516943,6.625993819958,24.75627606085,20.75168794938,33.89108180207,27.38851119199,26.11816996859
