Metrics,LR,FT,MT,CT,SVM-L,SVM-Q,SVM-C,SVM-FG,SVM-MG,SVM-CG,SVM-K,SLRK,BOT,BAT,NNN,MNN,WNN,BNN,TNN
MSPE,1.87369,0.0156582,0.01124736,0.007609719,0.1283559,0.02226954,0.1162576,0.2572083,0.08370207,0.1073148,0.2835261,0.4749296,0.007382356,0.004390379,0.06128732,0.04306326,0.1148605,0.07501305,0.06821588
MPE,Inf,1.203969,0.9799698,0.4473325,,,,,,,Inf,,Inf,0.3215404,Inf,,,Inf,
NRMSEAve,181.3937,5.699437,6.379415,6.540564,61.4745,9.316741,19.92039,172.1307,68.26458,159.3507,185.0634,74.79894,10.01068,4.132922,16.12611,11.66359,20.62353,9.817268,10.68325
NRMSEMaxMin,23.27904,0.7314335,0.818698,0.8393789,7.889288,1.195658,2.55647,22.09028,8.760689,20.45017,23.74999,9.599273,1.284714,0.5303958,2.069533,1.496839,2.646707,1.259893,1.371028
NRMSESd,102.9076,3.233385,3.619148,3.71057,34.8755,5.285541,11.30117,97.65261,38.72763,90.40231,104.9895,42.43468,5.679227,2.344675,9.148607,6.61695,11.70007,5.569499,6.060785
NRMSEIQ,406.8537,12.78345,14.30859,14.67004,137.8831,20.89681,44.68009,386.0775,153.1128,357.4128,415.0845,167.7689,22.45328,9.269863,36.16976,26.16065,46.25717,22.01946,23.9618
