Metrics,LR,FT,MT,CT,SVM-L,SVM-Q,SVM-C,SVM-FG,SVM-MG,SVM-CG,SVM-K,SLRK,BOT,BAT,NNN,MNN,WNN,BNN,TNN
TestTime,0.012688,0.008041,0.0076054,0.0073001,0.012547,0.014352,0.014281,0.015407,0.014804,0.015237,0.017458,0.01714,0.018247,0.018639,0.0086019,0.0085449,0.008895,0.0079188,0.0079882
