Metrics,LR,FT,MT,CT,SVM-L,SVM-Q,SVM-C,SVM-FG,SVM-MG,SVM-CG,SVM-K,SLRK,BOT,BAT,NNN,MNN,WNN,BNN,TNN
RMSE,48.592069065,39.803349598,45.612787868,46.033964216,97.718949276,68.988146738,73.701034895,1066.8678003,159.31437788,1077.9392368,1303.8097798,245.6719415,66.4877353,31.842573962,40.191885278,63.557175269,66.96474193,99.066119959,56.04750038
MSE,2361.1891761,1584.3066392,2080.5264171,2119.1258615,9548.9930475,4759.3643903,5431.8425446,1138206.9033,25381.071,1161952.9983,1699919.9418,60354.702839,4420.6189453,1013.9495165,1615.3876422,4039.5145281,4484.2766618,9814.0961238,3141.3222988
R2,0.99854152642,0.99902139591,0.99871488789,0.99869104555,0.99410172034,0.99706020708,0.99664482671,0.29694549014,0.98432246687,0.28227785887,-0.050016809829,0.96271974287,0.99726944541,0.99937369754,0.99900219761,0.99750484829,0.99723012493,0.99393796987,0.99805964908
MAE,25.04992319,11.309144437,14.239047548,16.407522652,64.091954759,48.603760009,51.73500271,392.66770651,80.037890567,286.44995636,457.62905596,140.55423835,28.395262199,11.057548084,18.121546153,28.297498148,33.260091002,38.870904445,23.333417891
MAPE,9.5522142235,4.9998354489,5.7101270809,6.2733375043,91.163439133,38.631341357,45.345499656,127.21965992,52.245553615,51.232221093,136.07239932,45.771317036,6.2582594806,6.1486043214,4.9660009859,9.9366430345,12.640761131,16.318829256,5.734450679
RRMSE,15.288079589,10.467872162,11.778489208,13.583033228,252.89083124,80.340953101,89.362582592,212.71872143,100.41581899,95.436286211,276.09272648,73.26495344,7.9644825616,48.604471084,11.626126677,20.569690443,28.594992146,28.880194532,11.486657277
