Metrics,LR,FT,MT,CT,SVM-L,SVM-Q,SVM-C,SVM-FG,SVM-MG,SVM-CG,SVM-K,SLRK,BOT,BAT,NNN,MNN,WNN,BNN,TNN
MSPE,0.02337254,0.01095763,0.01387328,0.01844988,6.395377,0.6454669,0.7985671,4.524925,1.008334,0.9108085,7.622719,0.5367753,0.006343298,0.2362395,0.01351668,0.04231122,0.08176736,0.08340656,0.01319433
MPE,,0.9636475,1.232234,1.120353,,,,Inf,,,Inf,,Inf,2.608534,,,,Inf,Inf
NRMSEAve,8.893441,7.284908,8.348166,8.425251,17.88476,12.62638,13.48895,195.2608,29.15811,197.2871,238.6265,44.96349,12.16875,5.827907,7.356019,11.63239,12.25605,18.13133,10.25795
NRMSEMaxMin,0.7627071,0.6247583,0.7159439,0.7225548,1.533809,1.082846,1.156821,16.74569,2.500618,16.91947,20.46476,3.856097,1.0436,0.499805,0.6308568,0.9976012,1.051087,1.554954,0.8797285
NRMSESd,3.814448,3.124538,3.580576,3.613638,7.670877,5.415527,5.785486,83.74847,12.50608,84.61757,102.3483,19.2851,5.219246,2.499622,3.155038,4.989199,5.256691,7.77663,4.399694
NRMSEIQ,10.20842,8.362048,9.582518,9.671001,20.52919,14.49331,15.48341,224.1319,33.46941,226.4578,273.9096,51.61175,13.96801,6.689616,8.443673,13.35235,14.06822,20.81221,11.77468
