Metrics,LR,FT,MT,CT,SVM-L,SVM-Q,SVM-C,SVM-FG,SVM-MG,SVM-CG,SVM-K,SLRK,BOT,BAT,NNN,MNN,WNN,BNN,TNN
TestTime,0.011803,0.0082365,0.0076044,0.0069339,0.012061,0.015045,0.016407,0.014169,0.013752,0.013805,0.016404,0.016774,0.017844,0.019727,0.0092077,0.0085711,0.0090015,0.0095438,0.0088746
