Metrics,LR,FT,MT,CT,SVM-L,SVM-Q,SVM-C,SVM-FG,SVM-MG,SVM-CG,SVM-K,SLRK,BOT,BAT,NNN,MNN,WNN,BNN,TNN
TestTime,0.010562,0.0068443,0.0064203,0.0061224,0.011311,0.013189,0.012388,0.012481,0.013775,0.013456,0.014698,0.013943,0.016631,0.019091,0.0077508,0.0075711,0.0075041,0.0083869,0.0076146
