InputGenerationTime,0.10520615102723241
ProfilingTime,4.3026647180086
SimulationTime,311.299560526968
FramaCCommandExecutionTime,53.91703838703688
FramaCParsingTime,0.09469950897619128
TotalExecutionTime,369.73964039899874
