Metrics,LR,FT,MT,CT,SVM-L,SVM-Q,SVM-C,SVM-FG,SVM-MG,SVM-CG,SVM-K,SLRK,BOT,BAT,NNN,MNN,WNN,BNN,TNN
RMSE,1.48034183612779,2.553458277020749e-10,2.553458277020749e-10,2.553458277020749e-10,0.9717411539554802,0.3262324395081033,0.2455909596686985,0.3190453255697272,0.6396685658687306,1.385060325478547,0.1259224625309225,0.142921678602504,0.06279021989830956,0.03392716157745028,0.004199554036807956,0.01015311180571097,0.07851388048327546,0.06410975830593385,0.01459791852560889
MSE,2.191411951790195,6.52014917248577e-20,6.52014917248577e-20,6.52014917248577e-20,0.9442808702907284,0.1064276045874083,0.0603149194709923,0.1017899197678932,0.4091758741605585,1.918392105214739,0.01585646656985159,0.02042660621455744,0.00394261171487807,0.001151052292702419,1.763625410807e-05,0.0001030856793392674,0.006164429428542063,0.004110061110045254,0.0002130992252803151
R2,-0.1754861570635928,1,1,1,0.4934822316269892,0.9429116119314139,0.9676467252792711,0.945399293127873,0.7805156737019658,-0.0290367183850726,0.9914944988149874,0.9890430492443987,0.9978851600723772,0.9993825688342063,0.9999905398103951,0.9999447042401335,0.9966933640872374,0.9977953392398007,0.9998856923322
MAE,0.6003148271514906,2.085217244861269e-10,2.085217244861269e-10,2.085217244861269e-10,0.4089142576707981,0.1678228666054544,0.1082248816355885,0.08168283530464385,0.2887256848909512,0.5209918616730495,0.06731528890677371,0.0840919275359138,0.02434167421797909,0.005036723093943715,0.0008605286295051217,0.001238733235009538,0.03941508043025464,0.006940500728534254,0.002585112660019931
MAPE,408751237612878.3,2179162.892331976,2179162.892331976,2179162.892331976,650689961069255,481049043909933.6,371587706506778.2,182362811787257.2,505475913352155.8,235015959244034.2,548427346585098.8,523628478097166.8,2086788.035235024,66038039093710.38,877357596629.1813,14481822927450.85,141372219534581,12030583292138.38,2691285259524.474
RRMSE,1230947938341771,4656045.927095128,4656045.927095128,4656045.927095128,2071905799046242,1583607616098966,1282290028156555,424806984782934.7,2126859382502112,788617596687986.5,1661744315667069,1539212230968084,4458668.763265842,885278993808333.4,2026645814543.243,282775603681551.8,455854585350509.4,61222630886073.17,5750208280009.446
