Metrics,LR,FT,MT,CT,SVM-L,SVM-Q,SVM-C,SVM-FG,SVM-MG,SVM-CG,SVM-K,SLRK,BOT,BAT,NNN,MNN,WNN,BNN,TNN
MSPE,1.515232826907856e+26,2167876367.521913,2167876367.521913,2167876367.521913,4.292793640121446e+26,2.507813081766651e+26,1.644267716309739e+26,1.804609743203685e+25,4.523530832937267e+26,6.219177138059357e+25,2.761394170651817e+26,2.369174291961744e+26,1987972714.052255,7.837188968782951e+25,4.107293257605644e+20,7.996204203746604e+24,2.078034029850849e+25,3.74821053261236e+23,3.306489526348919e+21
MPE,408751232245427.8,2179131.070604851,2179131.070604851,2179131.070604851,-136045502597381.6,-65423638902997.38,-9777488668728.164,177845310993250.8,-162987455613419.5,128980753271968,-96741280873682.83,76810799842889.2,2086750.94137257,66038039093683.23,135118398418.3162,14161593746948.95,10130405600478.39,2414100782724.656,2691285259523.081
NRMSEAve,257.802338887272,4.446861528881268e-08,4.446861528881268e-08,4.446861528881268e-08,169.2292524394438,56.81355743216955,42.76979969557154,55.56191761632182,111.3986299441382,241.2090117930786,21.92946559142866,24.88988835024712,10.93495107276895,5.908433709711107,0.7313546280665381,1.768169963596372,13.67323514726152,11.16474940679898,2.542235480307628
NRMSEMaxMin,35.07087980285476,6.049415488333789e-09,6.049415488333789e-09,6.049415488333789e-09,23.02158621619751,7.728795062435241,5.818312241811936,7.558524653999353,15.15443179389423,32.81355900987169,2.983237682083748,3.385967274019516,1.487567399033056,0.8037707080191427,0.09949192224124329,0.2405380670010982,1.860077718594558,1.518828673800573,0.3458402873505639
NRMSESd,108.2906912203979,1.86791830827615e-08,1.86791830827615e-08,1.86791830827615e-08,71.08528495310462,23.8647152371633,17.96559019744437,23.33895995735418,46.79334830600961,101.320611474682,9.211541668860267,10.45507665089637,4.593260927121263,2.481856344733515,0.3072078342748991,0.7427254088517904,5.743485849301937,4.689788447161684,1.067874087550124
NRMSEIQ,890.6990617215916,1.536376825934196e-07,1.536376825934196e-07,1.536376825934196e-07,584.681803176227,196.2890737000895,147.7683275616969,191.9646970695251,384.8788013195696,833.3696327589624,75.76562148601121,85.99379003157217,37.779915816612,20.41345468081682,2.526807490638986,6.108972223980643,47.24060211761641,38.57386191263728,8.783344506333099
