Metrics,LR,FT,MT,CT,SVM-L,SVM-Q,SVM-C,SVM-FG,SVM-MG,SVM-CG,SVM-K,SLRK,BOT,BAT,NNN,MNN,WNN,BNN,TNN
TestTime,0.011569,0.0074805,0.0070302,0.0066461,0.012389,0.014592,0.013671,0.013802,0.014668,0.0142,0.024799,0.039953,0.017054,0.017085,0.0086465,0.0087147,0.0084181,0.008471,0.0080394
