Metrics,LR,FT,MT,CT,SVM-L,SVM-Q,SVM-C,SVM-FG,SVM-MG,SVM-CG,SVM-K,SLRK,BOT,BAT,NNN,MNN,WNN,BNN,TNN
RMSE,1962.2474347,28.947195236,48.841904946,62.844394836,774.94704935,50.040156131,42.360060987,1762.9735538,527.59488207,1805.1619265,2075.9079747,369.20329304,104.1612643,39.696755894,23.551814524,10.960991481,4.9048964623,33.615992357,25.87289492
MSE,3850414.9951,837.94011203,2385.5316788,3949.4179623,600542.92929,2504.0172256,1794.3747668,3108075.7516,278356.35959,3258609.5808,4309393.9196,136311.07159,10849.568981,1575.8324285,554.68796735,120.14333424,24.058009306,1130.0349421,669.40669156
R2,0.039844710452,0.99979104781,0.99940513403,0.99901515692,0.85024614986,0.99937558799,0.99955254734,0.2249574716,0.93058791549,0.18741973798,-0.074608158314,0.96600891162,0.99729450694,0.99960704396,0.99986168073,0.99997004056,0.9999940008,0.99971820985,0.999833074
MAE,695.00387032,8.6243817883,17.87860662,24.224972444,214.84829983,39.154422794,36.489688017,457.61193396,155.25610166,470.08792558,736.29641912,171.3310445,46.753915518,13.538970111,10.884708153,3.8973765694,1.642995871,14.436686432,15.235368967
MAPE,110.87751213,1.6050637981,2.6970952278,3.7751518163,60.817900909,17.770332864,26.113230922,36.821599013,32.220839777,40.993713031,131.86525989,46.43762378,6.8640643973,2.0288168792,3.5761309109,1.5721099527,0.55646788592,3.1875647562,7.3779451452
RRMSE,254.71811264,4.607044688,6.412798123,8.8832297215,182.04553307,32.811720714,67.93691432,74.077832215,73.164244031,83.468114364,318.84569501,77.974068665,10.414170777,5.4224078729,8.6221850977,4.2138396469,1.0363786684,7.5185187084,19.645668311
