Metrics,LR,FT,MT,CT,SVM-L,SVM-Q,SVM-C,SVM-FG,SVM-MG,SVM-CG,SVM-K,SLRK,BOT,BAT,NNN,MNN,WNN,BNN,TNN
MSPE,6.488132,0.002122486,0.004112398,0.007891177,3.314058,0.1076609,0.4615424,0.5487525,0.5353007,0.6966926,10.16626,0.6079955,0.0108455,0.002940251,0.007434208,0.001775644,0.0001074081,0.005652812,0.03859523
MPE,47.24166,0.1487609,0.2909158,0.535063,3.90346,-5.124339,13.30028,16.41393,17.47482,-11.30087,58.41643,25.05808,-4.013525,0.2628126,0.1009234,0.1006016,0.00206388,-0.09543831,-3.33794
NRMSEAve,224.5251,3.312208,5.588608,7.190806,88.6713,5.725715,4.84694,201.7237,60.36867,206.551,237.5304,42.24513,11.91838,4.542198,2.694855,1.254183,0.56123,3.846422,2.960439
NRMSEMaxMin,20.66176,0.3048036,0.5142877,0.6617289,8.159914,0.5269049,0.4460362,18.56348,5.555385,19.00771,21.85857,3.887578,1.096781,0.4179926,0.2479922,0.1154153,0.0516468,0.3539643,0.2724323
NRMSESd,97.95835,1.445088,2.438261,3.137287,38.68652,2.49808,2.114678,88.01029,26.33833,90.1164,103.6325,18.43118,5.199887,1.981722,1.175742,0.5471892,0.2448598,1.678161,1.291614
NRMSEIQ,298.6678,4.405966,7.43408,9.565357,117.9524,7.616462,6.447498,268.3369,80.30364,274.7583,315.9677,56.19533,15.85407,6.042124,3.584751,1.66834,0.7465596,5.116589,3.938036
