Metrics,LR,FT,MT,CT,SVM-L,SVM-Q,SVM-C,SVM-FG,SVM-MG,SVM-CG,SVM-K,SLRK,BOT,BAT,NNN,MNN,WNN,BNN,TNN
TrainTime,0.600224,0.177764,0.160299,0.149164,1.3528,2.24593,1.85246,0.956466,0.911767,0.791243,3.13729,5.59542,2.08081,2.18028,10.2365,13.3228,37.2613,11.6013,13.4103
