Metrics,LR,FT,MT,CT,SVM-L,SVM-Q,SVM-C,SVM-FG,SVM-MG,SVM-CG,SVM-K,SLRK,BOT,BAT,NNN,MNN,WNN,BNN,TNN
RMSE,3.0219,0.210756,0.342114,0.425436,0.556603,0.311677,0.210163,2.28034,0.561127,2.81654,1.46669,0.560084,0.180379,0.270825,0.00191573,0.00769474,0.00401008,0.000996185,0.000993968
MSE,9.13187,0.0444182,0.117042,0.180995,0.309807,0.0971425,0.0441686,5.19996,0.314864,7.93288,2.15117,0.313694,0.0325365,0.073346,3.67e-06,5.9209e-05,1.60807e-05,9.92385e-07,9.87972e-07
R2,0.0189174,0.995228,0.987426,0.980555,0.966716,0.989563,0.995255,0.441342,0.966173,0.147731,0.768889,0.966298,0.996504,0.99212,1,0.999994,0.999998,1,1
MAE,1.11743,0.0326644,0.0553146,0.082706,0.147052,0.0846492,0.0707873,0.58062,0.163986,0.736112,0.410782,0.272321,0.0498547,0.0506839,0.00039076,0.00451663,0.00205642,0.000245541,0.000271548
MAPE,84.924,9.61799,11.2291,15.3373,28.8045,10.3519,5.48003,67.9249,28.5719,91.5379,46.9489,18.8186,7.2517,9.2072,0.0457417,0.137686,0.0325788,0.0291113,0.0370601
RRMSE,87.265,20.2833,24.1398,30.6814,52.4039,26.7318,17.2184,71.8743,44.1855,91.6221,52.2361,23.7203,10.0786,18.3207,0.0569909,0.33129,0.0492397,0.0380615,0.0540738
