Metrics,LR,FT,MT,CT,SVM-L,SVM-Q,SVM-C,SVM-FG,SVM-MG,SVM-CG,SVM-K,SLRK,BOT,BAT,NNN,MNN,WNN,BNN,TNN
MSPE,0.7615178,0.04114111,0.05827286,0.09413486,0.2746168,0.07145879,0.02964734,0.5165917,0.195236,0.8394602,0.2728606,0.05626548,0.01015786,0.03356475,3.247957e-07,1.097534e-05,2.424545e-07,1.448675e-07,2.923978e-07
MPE,-5.753947,-0.2916123,-0.6662179,-1.040062,-1.988879,-0.6931673,-0.3429925,-4.690051,-1.943326,-6.320471,-3.24171,-1.299381,-0.4723484,-0.635735,-5.418758e-05,-0.001962098,-0.00022463,-4.952307e-06,-7.673833e-05
NRMSEAve,398.1796,27.77024,45.0786,56.0574,73.34068,41.06802,27.6921,300.4687,73.93675,371.1203,193.2576,73.79928,23.76757,35.68513,0.252425,1.013895,0.5283864,0.131262,0.1309699
NRMSEMaxMin,21.58499,1.505402,2.443674,3.038826,3.975738,2.226264,1.501166,16.28816,4.008051,20.11813,10.47634,4.000599,1.288421,1.934462,0.01368375,0.05496242,0.0286434,0.007115608,0.007099772
NRMSESd,99.02013,6.905961,11.21024,13.94047,18.23851,10.21288,6.886527,74.72118,18.38674,92.29095,48.05971,18.35256,5.910568,8.874252,0.06277357,0.2521375,0.1314002,0.03264252,0.03256987
NRMSEIQ,Inf,Inf,Inf,Inf,Inf,Inf,Inf,Inf,Inf,Inf,Inf,Inf,Inf,Inf,Inf,Inf,Inf,Inf,Inf
