Metrics,LR,FT,MT,CT,SVM-L,SVM-Q,SVM-C,SVM-FG,SVM-MG,SVM-CG,SVM-K,SLRK,BOT,BAT,NNN,MNN,WNN,BNN,TNN
TrainTime,0.627351,0.142763,0.131738,0.127204,1.53019,1.97022,1.63612,1.02489,0.782652,0.682786,13.9993,5.42194,1.86936,1.73726,10.0805,13.4266,37.9385,10.0117,13.1184
