Metrics,LR,FT,MT,CT,SVM-L,SVM-Q,SVM-C,SVM-FG,SVM-MG,SVM-CG,SVM-K,SLRK,BOT,BAT,NNN,MNN,WNN,BNN,TNN
RMSE,1178.3692813,581.66816124,587.5953304,779.85206603,803.29470903,674.29788984,689.92610391,1865.0490534,843.31113053,853.14781991,2077.8398547,1361.3458345,347.31567555,425.88269456,716.94174919,581.56802365,463.4805109,760.5588635,713.05478374
MSE,1388554.1632,338337.84981,345268.2723,608169.24489,645282.38955,454677.64424,475998.02886,3478407.9716,711173.66288,727861.20262,4317418.4618,1853262.4812,120628.17848,181376.06952,514005.47173,338221.36613,214814.18398,578449.78485,508447.12462
R2,0.61309715766,0.9057264893,0.90379541579,0.83054142524,0.82020032258,0.87330989488,0.86736924263,0.030786146699,0.80184056275,0.79719079343,-0.20299338601,0.48361213369,0.96638850226,0.94946188007,0.85677895522,0.90575894598,0.94014477752,0.83882237233,0.85832771749
MAE,701.73613489,169.04392629,241.89985816,341.07717383,362.24385386,270.63394833,288.72791886,927.50878915,360.80926209,387.27677885,1062.797507,751.32179771,179.13580682,162.36154539,292.97911084,295.89647021,247.11928601,286.41782783,296.46812736
MAPE,528.65360857,31.134100975,41.237933469,65.012260904,77.419628106,64.910061119,61.813025725,154.02661769,72.884114336,73.076718395,302.16097926,274.86515268,73.91526248,24.214424886,31.245338902,52.277542802,56.307932998,27.426960985,36.157457925
RRMSE,2392.8718739,261.36499354,264.68824618,298.49176123,192.08629773,122.9417772,144.4575028,299.97083347,150.59380995,145.1904902,743.34181346,897.14813506,303.47866459,116.55190287,54.346097562,111.99843625,165.54928963,46.851235685,64.987176271
