Metrics,LR,FT,MT,CT,SVM-L,SVM-Q,SVM-C,SVM-FG,SVM-MG,SVM-CG,SVM-K,SLRK,BOT,BAT,NNN,MNN,WNN,BNN,TNN
RMSE,9605.776386287,1615.344217105,2278.836420854,3993.027003432,8839.968382476,5119.574226192,4377.786157689,10694.81858378,8233.92342573,9494.170539925,10983.4380213,7552.16578963,1528.978952856,1785.444947831,4696.72402236,5471.507825369,3525.982138503,3243.700327,3485.179530887
MSE,92270939.98335,2609336.939733,5193095.433009,15944264.65014,78145041.00317,26210040.25749,19165011.64246,114379144.54,67797494.98079,90139274.24119,120635910.7677,57035208.11405,2337776.638278,3187813.661735,22059216.54222,29937397.88307,12432550.04104,10521591.81138,12146476.36251
R2,0.1779697348496,0.9767537435207,0.9537353622222,0.8579545401798,0.3038156023162,0.7664980291047,0.8292613080033,-0.01898949475188,0.3960005957927,0.196960478366,-0.07473024261962,0.4918804635851,0.9791730402858,0.9716001667472,0.8034771984931,0.733291466152,0.8892399664664,0.906264454355,0.8917885610928
MAE,4639.511709502,421.8675004616,658.4483711223,1166.175193792,2056.113429016,1278.769190029,1413.172423046,3103.440191105,1731.488336052,2146.214420134,3210.149346317,3168.760127301,597.7883760301,516.2996666047,1661.882521036,1812.841056467,1207.144371066,848.0341332667,938.3393752599
MAPE,1627.951031949,34.51675556619,39.03403848669,65.57370615382,280.309248383,117.0244985898,110.4270611352,249.8972874887,122.2636128143,139.0083406178,410.0369506831,1378.318355446,204.9874674827,55.14508654191,152.2968897794,144.6620971134,102.676958616,63.88843361614,164.4679659281
RRMSE,5322.186271349,88.65457191588,90.32170246398,166.3860903183,1214.631414757,271.8490627022,273.110302846,444.64568151,294.2624245548,416.5751795786,1100.09930032,4349.668311667,567.2619693709,220.8039237201,335.6262561681,290.0904721308,194.8252281772,151.0588843381,480.4131672199
