Metrics,LR,FT,MT,CT,SVM-L,SVM-Q,SVM-C,SVM-FG,SVM-MG,SVM-CG,SVM-K,SLRK,BOT,BAT,NNN,MNN,WNN,BNN,TNN
MSPE,2832.5667,0.78596331,0.81580099,2.7684331,147.53295,7.3901913,7.4589238,19.770978,8.6590375,17.353488,121.02185,1891.9614,32.178614,4.8754373,11.264498,8.4152482,3.795687,2.2818787,23.079681
MPE,1610.1776,19.581955,22.010924,44.124257,145.09502,-11.048275,12.779863,182.79277,3.5903395,84.494965,345.25602,1241.2745,181.41309,47.28636,-54.788605,-6.6636308,-2.8212009,14.921777,122.41365
NRMSEAve,281.69381,47.370711,66.827925,117.09735,259.23613,150.13387,128.38059,313.63047,241.46359,278.42091,322.09437,221.47073,44.83801,52.358993,137.73359,160.45448,103.40105,95.123002,102.20449
NRMSEMaxMin,8.6859358,1.4606603,2.0606171,3.6106583,7.9934609,4.6293284,3.9585733,9.6706923,7.4454502,8.5850172,9.9316738,6.8289771,1.3825653,1.6144723,4.2469699,4.9475611,3.1883372,2.9330865,3.1514418
NRMSESd,90.524108,15.222881,21.475582,37.629984,83.307192,48.246479,41.255925,100.78716,77.59587,89.472343,103.50709,71.171038,14.408982,16.825898,44.261571,51.563075,33.228588,30.568386,32.844068
NRMSEIQ,697.84064,117.35156,165.55295,290.08551,642.2062,371.92693,318.0375,776.9574,598.17824,689.73269,797.92503,548.64989,111.07729,129.70904,341.2077,397.49421,256.15562,235.64841,253.19139
