Metrics,LR,FT,MT,CT,SVM-L,SVM-Q,SVM-C,SVM-FG,SVM-MG,SVM-CG,SVM-K,SLRK,BOT,BAT,NNN,MNN,WNN,BNN,TNN
MSPE,572.5836,6.831166,7.005987,8.909733,3.689715,1.511468,2.086797,8.99825,2.26785,2.108028,55.25571,80.48748,9.20993,1.358435,0.2953498,1.254365,2.740657,0.2195038,0.4223333
MPE,490.1208,20.69428,26.73369,47.73348,36.60686,9.2753,15.82896,102.8882,36.20625,47.18549,232.518,243.2876,56.52266,16.95601,11.08231,19.50036,-2.448837,0.6294224,14.8622
NRMSEAve,94.13615,46.46761,46.94111,62.29988,64.17264,53.8675,55.11599,148.9928,67.36942,68.15525,165.992,108.7536,27.74594,34.0224,57.27418,46.45961,37.02597,60.75861,56.96366
NRMSEMaxMin,12.2734,6.058412,6.120147,8.122613,8.366782,7.023205,7.185982,19.42557,8.783576,8.886031,21.64191,14.17921,3.617495,4.435816,7.467365,6.057369,4.827419,7.921663,7.42688
NRMSESd,62.09528,30.65155,30.96389,41.09504,42.33037,35.53276,36.35631,98.28051,44.43907,44.95743,109.4937,71.7374,18.30213,22.44229,37.77992,30.64627,24.42354,40.07836,37.57509
NRMSEIQ,108.9569,53.78346,54.33151,72.10837,74.27598,62.34839,63.79344,172.4502,77.97606,78.88561,192.1257,125.8757,32.11426,39.37889,66.29142,53.7742,42.85534,70.32444,65.93202
