Metrics,LR,FT,MT,CT,SVM-L,SVM-Q,SVM-C,SVM-FG,SVM-MG,SVM-CG,SVM-K,SLRK,BOT,BAT,NNN,MNN,WNN,BNN,TNN
TestTime,0.01273,0.0083302,0.008033,0.007264,0.011855,0.012868,0.013156,0.013633,0.014264,0.01338,0.015579,0.015117,0.018083,0.019488,0.0090951,0.0096056,0.0098318,0.0085202,0.0091959
