Metrics,LR,FT,MT,CT,SVM-L,SVM-Q,SVM-C,SVM-FG,SVM-MG,SVM-CG,SVM-K,SLRK,BOT,BAT,NNN,MNN,WNN,BNN,TNN
TestTime,0.013402,0.0082342,0.0077201,0.0071582,0.011952,0.013355,0.013778,0.013158,0.013273,0.012418,0.014788,0.013232,0.016961,0.02048,0.0076549,0.0074771,0.007561,0.0077232,0.007707
