Metrics,LR,FT,MT,CT,SVM-L,SVM-Q,SVM-C,SVM-FG,SVM-MG,SVM-CG,SVM-K,SLRK,BOT,BAT,NNN,MNN,WNN,BNN,TNN
RMSE,3.20139,0.272082,0.334586,0.512845,1.17835,0.454511,0.413083,2.99289,0.876027,2.99295,1.87051,1.1125,0.366567,0.378947,0.640519,0.755576,0.588811,0.688664,0.43889
MSE,10.2489,0.0740289,0.111948,0.26301,1.38852,0.206581,0.170638,8.95739,0.767423,8.95776,3.49879,1.23766,0.134371,0.143601,0.410264,0.570896,0.346699,0.474258,0.192625
R2,-0.0159422,0.992662,0.988903,0.973929,0.862361,0.979522,0.983085,0.112083,0.923928,0.112046,0.653176,0.877315,0.98668,0.985765,0.959332,0.943409,0.965633,0.952988,0.980906
MAE,1.29754,0.03322,0.0527152,0.0879755,0.42402,0.180425,0.17677,0.967255,0.328735,0.883574,0.618503,0.515165,0.0857507,0.0656204,0.114167,0.335371,0.338955,0.136477,0.0707452
MAPE,90.5977,7.97997,8.9418,15.0165,46.6782,12.3691,10.2122,86.6568,43.6591,92.9534,43.3227,25.5901,12.0054,11.3147,14.9973,11.6235,11.5636,17.9724,8.80959
RRMSE,91.0764,22.6549,17.7467,29.1683,56.5155,23.007,19.4226,87.8852,55.6317,93.1429,55.9923,40.1467,20.5811,24.9212,33.3949,22.8366,18.3206,36.4133,20.9378
