Metrics,LR,FT,MT,CT,SVM-L,SVM-Q,SVM-C,SVM-FG,SVM-MG,SVM-CG,SVM-K,SLRK,BOT,BAT,NNN,MNN,WNN,BNN,TNN
TestTime,0.012885,0.0086971,0.0084735,0.0077872,0.013962,0.015444,0.016598,0.017319,0.015914,0.015373,0.018786,0.018571,0.01927,0.018407,0.01594,0.011862,0.01894,0.017686,0.016461
