Metrics,LR,FT,MT,CT,SVM-L,SVM-Q,SVM-C,SVM-FG,SVM-MG,SVM-CG,SVM-K,SLRK,BOT,BAT,NNN,MNN,WNN,BNN,TNN
RMSE,2.83436,0.472513,0.409583,0.296312,0.211956,0.251494,0.274992,2.25858,0.376363,2.59895,1.53791,1.04092,0.343515,0.226255,0.774199,0.169166,0.402436,0.216722,0.215754
MSE,8.03359,0.223269,0.167758,0.0878009,0.0449255,0.0632493,0.0756206,5.10119,0.141649,6.75452,2.36518,1.08351,0.118002,0.0511913,0.599384,0.0286171,0.161955,0.0469686,0.0465496
R2,0.0033018,0.9723,0.979187,0.989107,0.994426,0.992153,0.990618,0.367113,0.982426,0.161991,0.706561,0.865573,0.98536,0.993649,0.925637,0.99645,0.979907,0.994173,0.994225
MAE,1.02125,0.0632001,0.0583333,0.0466714,0.0942152,0.114007,0.119738,0.565757,0.13372,0.608265,0.434221,0.393245,0.0748692,0.0348131,0.0756648,0.0225841,0.214689,0.024921,0.0225613
MAPE,87.0077,11.7063,11.045,6.94948,14.0266,10.6627,13.8849,74.7837,20.0835,90.427,51.5269,26.714,11.9185,5.05907,10.4855,11.5135,12.279,11.3433,14.374
RRMSE,88.962,31.5102,30.0661,21.4477,35.6253,26.6729,36.4297,79.5085,33.4207,90.4694,57.1479,38.8983,24.5687,14.0194,28.5918,31.1914,35.1022,31.9371,37.7964
