Metrics,LR,FT,MT,CT,SVM-L,SVM-Q,SVM-C,SVM-FG,SVM-MG,SVM-CG,SVM-K,SLRK,BOT,BAT,NNN,MNN,WNN,BNN,TNN
MSPE,0.7914232,0.09928902,0.09039719,0.04600026,0.1269159,0.07114462,0.132712,0.6321598,0.1116944,0.8184714,0.3265884,0.1513081,0.06036231,0.01965434,0.08174903,0.09729026,0.1232165,0.1019976,0.1428567
MPE,,Inf,Inf,Inf,,,,Inf,,,,,,Inf,,,,,Inf
NRMSEAve,459.6256,76.62372,66.41881,48.05062,34.37132,40.78284,44.5933,366.2566,61.03186,421.4506,249.3915,168.7976,55.70509,36.69001,125.5458,27.43233,65.25993,35.14416,34.98708
NRMSEMaxMin,20.24541,3.375093,2.92559,2.116515,1.513975,1.796387,1.964229,16.13273,2.688308,18.5639,10.9851,7.435134,2.453677,1.616107,5.529992,1.208329,2.874544,1.548017,1.541097
NRMSESd,99.71585,16.62353,14.40957,10.42459,7.456863,8.847844,9.674523,79.45942,13.24087,91.43377,54.10552,36.62067,12.08523,7.959903,27.23718,5.951448,14.15815,7.624532,7.590452
NRMSEIQ,Inf,Inf,Inf,Inf,Inf,Inf,Inf,Inf,Inf,Inf,Inf,Inf,Inf,Inf,Inf,Inf,Inf,Inf,Inf
