Metrics,LR,FT,MT,CT,SVM-L,SVM-Q,SVM-C,SVM-FG,SVM-MG,SVM-CG,SVM-K,SLRK,BOT,BAT,NNN,MNN,WNN,BNN,TNN
TestTime,0.011112,0.0069996,0.0062914,0.0062557,0.01138,0.013403,0.013028,0.013612,0.013744,0.013424,0.01581,0.016967,0.019697,0.017262,0.0081714,0.0081294,0.007676,0.0074932,0.0077076
