Metrics,LR,FT,MT,CT,SVM-L,SVM-Q,SVM-C,SVM-FG,SVM-MG,SVM-CG,SVM-K,SLRK,BOT,BAT,NNN,MNN,WNN,BNN,TNN
TestTime,0.012318,0.0084459,0.0078102,0.0073485,0.013366,0.013648,0.014673,0.015294,0.014144,0.01488,0.01863,0.024009,0.028764,0.026991,0.0096536,0.0098783,0.0093452,0.0093199,0.0086934
