InputGenerationTime,0.02420488699863199
ProfilingTime,3.5557517500019458
SimulationTime,120.79310863100181
FramaCCommandExecutionTime,35.97959712300144
FramaCParsingTime,0.026937420003378065
TotalExecutionTime,160.42341917799786
