Metrics,LR,FT,MT,CT,SVM-L,SVM-Q,SVM-C,SVM-FG,SVM-MG,SVM-CG,SVM-K,SLRK,BOT,BAT,NNN,MNN,WNN,BNN,TNN
RMSE,12.51561,0.4589251,1.048238,1.368688,1.705487,1.115159,1.033004,4.664528,1.321961,5.483525,6.401865,1.987841,0.8509933,0.6781653,0.5899445,0.3625687,0.07407728,0.285437,0.2380927
MSE,156.6405,0.2106122,1.098803,1.873306,2.908686,1.243581,1.067097,21.75783,1.747581,30.06905,40.98387,3.951513,0.7241896,0.4599082,0.3480345,0.1314561,0.005487443,0.0814743,0.05668811
R2,-1.007278,0.9973011,0.9859193,0.9759944,0.9627265,0.9840641,0.9863256,0.7211831,0.9776055,0.6146785,0.4748099,0.9493631,0.9907198,0.9941065,0.9955401,0.9983154,0.9999297,0.9989559,0.9992736
MAE,9.846923,0.05265306,0.2191453,0.3844262,0.8452949,0.5748978,0.5708718,1.432396,0.7061264,2.696327,2.504655,1.186143,0.6137254,0.1590083,0.232176,0.1480715,0.03017234,0.09512773,0.09127601
MAPE,82.87411,0.4936224,1.794071,3.210714,8.092933,5.699236,5.590889,7.524399,6.386595,17.03698,13.56556,10.01438,5.000909,1.325848,2.015085,1.273658,0.2660743,0.8799612,0.7892326
RRMSE,92.52079,4.633084,8.749283,11.99239,15.3577,9.245807,7.977153,11.6188,10.79414,23.368,20.00931,15.44994,6.410186,5.797082,4.587688,2.673162,0.5887476,3.013233,2.180743
