Metrics,LR,FT,MT,CT,SVM-L,SVM-Q,SVM-C,SVM-FG,SVM-MG,SVM-CG,SVM-K,SLRK,BOT,BAT,NNN,MNN,WNN,BNN,TNN
RMSE,12.55232,0.5597889,1.054093,1.446682,1.770316,1.16081,0.9854761,4.634909,1.368965,5.474017,6.969157,1.982285,0.8758221,0.7410483,0.6269719,0.3460871,0.1203418,0.1962062,0.197033
MSE,157.5608,0.3133636,1.111111,2.092887,3.134018,1.347481,0.9711631,21.48238,1.874066,29.96486,48.56915,3.929453,0.7670644,0.5491526,0.3930938,0.1197763,0.01448214,0.03849689,0.03882199
R2,-1.01362,0.9959952,0.9858,0.973253,0.9599474,0.9827793,0.9875886,0.7254561,0.9760495,0.6170504,0.3792883,0.9497818,0.990197,0.9929819,0.9949763,0.9984693,0.9998149,0.999508,0.9995039
MAE,9.87365,0.07834089,0.2206349,0.4226504,0.8660271,0.602495,0.5576173,1.436978,0.7290439,2.73964,2.848023,1.197043,0.6304774,0.1771115,0.2085632,0.1402116,0.04740718,0.06528555,0.0711447
MAPE,82.52754,0.7344459,1.800595,3.490919,8.201011,5.879676,5.419391,7.558396,6.675727,17.51047,16.28457,10.01031,5.145892,1.482676,1.824863,1.250614,0.4167386,0.476093,0.6197198
RRMSE,91.80657,5.548378,8.715209,12.53003,15.56607,9.341614,7.459171,11.62404,11.4484,24.20877,22.88206,15.22115,6.76371,6.336157,5.008319,2.753851,0.9799109,1.51927,1.93249
