Metrics,LR,FT,MT,CT,SVM-L,SVM-Q,SVM-C,SVM-FG,SVM-MG,SVM-CG,SVM-K,SLRK,BOT,BAT,NNN,MNN,WNN,BNN,TNN
MSPE,0.8428445,0.003078449,0.007595486,0.01570016,0.02423024,0.008726576,0.005563923,0.01351184,0.0131066,0.05860644,0.05235885,0.02316833,0.004574778,0.004014689,0.002508326,0.0007583697,9.602253e-05,0.000230818,0.0003734518
MPE,-54.84804,0.2448153,0.6001984,1.16364,2.420725,1.09086,0.714723,1.69455,2.142659,0.1288839,2.517593,4.468839,-3.878421,0.5455473,0.1773396,0.04625112,0.03769949,0.0326295,0.02552416
NRMSEAve,102.2493,4.559956,8.586479,11.78445,14.42073,9.455787,8.02754,37.75527,11.15139,44.59052,56.76971,16.14739,7.134315,6.036468,5.107219,2.819173,0.980286,1.598267,1.605001
NRMSEMaxMin,31.3808,1.399472,2.635231,3.616704,4.425789,2.902026,2.46369,11.58727,3.422413,13.68504,17.42289,4.955712,2.189555,1.852621,1.56743,0.8652177,0.3008544,0.4905156,0.4925824
NRMSESd,141.8598,6.326444,11.91281,16.34965,20.00719,13.11888,11.13734,52.38134,15.47134,61.8645,78.7618,22.40276,9.898088,8.374944,7.085712,3.911297,1.36004,2.217421,2.226764
NRMSEIQ,156.904,6.997361,13.17616,18.08352,22.12895,14.51013,12.31845,57.93636,17.11207,68.42521,87.11447,24.77856,10.94778,9.263104,7.837149,4.326089,1.504272,2.452578,2.462912
