Metrics,LR,FT,MT,CT,SVM-L,SVM-Q,SVM-C,SVM-FG,SVM-MG,SVM-CG,SVM-K,SLRK,BOT,BAT,NNN,MNN,WNN,BNN,TNN
TrainTime,0.600835,0.151805,0.145206,0.184271,2.9154,2.54447,1.77179,1.14476,0.960997,0.946368,10.396,5.47919,2.18272,1.89553,10.5018,12.8744,37.301,11.5268,13.557
