Metrics,LR,FT,MT,CT,SVM-L,SVM-Q,SVM-C,SVM-FG,SVM-MG,SVM-CG,SVM-K,SLRK,BOT,BAT,NNN,MNN,WNN,BNN,TNN
TrainTime,0.549002,0.142719,0.127886,0.126387,2.86553,2.11287,1.73798,1.02818,0.947096,0.868559,9.98027,5.1223,1.96949,2.2462,10.4835,12.9556,39.2232,11.7488,13.752
