InputGenerationTime,0.01870873407460749
ProfilingTime,4.241843492956832
SimulationTime,2161.703781867982
FramaCCommandExecutionTime,40.693436668021604
FramaCParsingTime,0.03680494998116046
TotalExecutionTime,2206.7299582780106
