InputGenerationTime,0.10319147599875578
ProfilingTime,3.352962352000759
SimulationTime,143.4644711180008
FramaCCommandExecutionTime,38.76788126199972
FramaCParsingTime,0.052415784000913845
TotalExecutionTime,185.7764880120012
