InputGenerationTime,0.06277320001390763
ProfilingTime,4.598892681999132
SimulationTime,161.4781779370096
FramaCCommandExecutionTime,49.1955613589962
FramaCParsingTime,0.07397128699813038
TotalExecutionTime,215.42943047298468
