InputGenerationTime,0.08790893398690969
ProfilingTime,3.5264239839743823
SimulationTime,150.78520481102169
FramaCCommandExecutionTime,41.29994491103571
FramaCParsingTime,0.056784496060572565
TotalExecutionTime,195.7741753939772
